name,age,height,citizenship,position,foot,current club,current league
Keylor Navas,34,"1,85 m",Costa Rica  Spain,Goalkeeper,right,Paris Saint-Germain,Ligue 1
Sergio Rico,27,"1,95 m",Spain,Goalkeeper,right,Paris Saint-Germain,Ligue 1
Alexandre Letellier,30,"1,93 m",France,Goalkeeper,right,Paris Saint-Germain,Ligue 1
Denis Franchi,18,,Italy,Goalkeeper,right,Paris Saint-Germain U19,Ligue 1
Yanis Saidani,19,"1,84 m",Algeria  France,Goalkeeper,left,Paris Saint-Germain,Ligue 1
Mathyas Randriamamy,17,"1,86 m",Madagascar  France,Goalkeeper,right,Paris Saint-Germain U19,Ligue 1
Marquinhos,26,"1,83 m",Brazil  Portugal,Defender - Centre-Back,right,Paris Saint-Germain,Ligue 1
Presnel Kimpembe,25,"1,89 m",France  DR Congo,Defender - Centre-Back,left,Paris Saint-Germain,Ligue 1
Thilo Kehrer,24,"1,86 m",Germany  Burundi,Defender - Centre-Back,right,Paris Saint-Germain,Ligue 1
Abdou Diallo,24,"1,87 m",France  Senegal,Defender - Centre-Back,left,Paris Saint-Germain,Ligue 1
Timothée Pembélé,18,"1,82 m",France  DR Congo,Defender - Centre-Back,right,Paris Saint-Germain,Ligue 1
Juan Bernat,27,"1,70 m",Spain,Defender - Left-Back,left,Paris Saint-Germain,Ligue 1
Layvin Kurzawa,28,"1,82 m",France  Poland,Defender - Left-Back,left,Paris Saint-Germain,Ligue 1
Mitchel Bakker,20,"1,85 m",Netherlands,Defender - Left-Back,left,Paris Saint-Germain,Ligue 1
Alessandro Florenzi,29,"1,73 m",Italy,Defender - Right-Back,right,Paris Saint-Germain,Ligue 1
Colin Dagba,22,"1,70 m",France  Benin,Defender - Right-Back,right,Paris Saint-Germain,Ligue 1
Danilo Pereira,29,"1,88 m",Portugal  Guinea-Bissau,midfield - Defensive Midfield,right,Paris Saint-Germain,Ligue 1
Leandro Paredes,26,"1,80 m",Argentina,midfield - Defensive Midfield,right,Paris Saint-Germain,Ligue 1
Idrissa Gueye,31,"1,74 m",Senegal,midfield - Defensive Midfield,right,Paris Saint-Germain,Ligue 1
Maxen Kapo,19,"1,92 m",France,midfield - Defensive Midfield,right,Paris Saint-Germain,Ligue 1
Marco Verratti,28,"1,65 m",Italy,midfield - Central Midfield,right,Paris Saint-Germain,Ligue 1
Rafinha,27,"1,74 m",Brazil  Spain,midfield - Central Midfield,left,Paris Saint-Germain,Ligue 1
Ander Herrera,31,"1,82 m",Spain,midfield - Central Midfield,right,Paris Saint-Germain,Ligue 1
Kays Ruiz-Atil,18,"1,73 m",France  Morocco,midfield - Central Midfield,right,Paris Saint-Germain,Ligue 1
Julian Draxler,27,"1,87 m",Germany,midfield - Attacking Midfield,right,Paris Saint-Germain,Ligue 1
Bandiougou Fadiga,19,"1,78 m",France  Mali,midfield - Attacking Midfield,,Paris Saint-Germain,Ligue 1
Neymar,28,"1,75 m",Brazil,attack - Left Winger,right,Paris Saint-Germain,Ligue 1
Ángel Di María,32,"1,80 m",Argentina  Italy,attack - Right Winger,left,Paris Saint-Germain,Ligue 1
Pablo Sarabia,28,"1,74 m",Spain,attack - Right Winger,left,Paris Saint-Germain,Ligue 1
Kylian Mbappé,22,"1,78 m",France,attack - Centre-Forward,right,Paris Saint-Germain,Ligue 1
Mauro Icardi,27,"1,81 m",Argentina  Italy,attack - Centre-Forward,right,Paris Saint-Germain,Ligue 1
Moise Kean,20,"1,83 m",Italy  Cote d'Ivoire,attack - Centre-Forward,right,Paris Saint-Germain,Ligue 1
Anthony Lopes,30,"1,84 m",Portugal  France,Goalkeeper,left,Olympique Lyon,Ligue 1
Julian Pollersbeck,26,"1,95 m",Germany,Goalkeeper,right,Olympique Lyon,Ligue 1
Malcolm Barcola,21,"1,95 m",Togo  France,Goalkeeper,right,Olympique Lyon B,Ligue 1
Jason Denayer,25,"1,84 m",Belgium  DR Congo,Defender - Centre-Back,right,Olympique Lyon,Ligue 1
Sinaly Diomandé,19,"1,84 m",Cote d'Ivoire,Defender - Centre-Back,right,Olympique Lyon,Ligue 1
Marcelo,33,"1,91 m",Brazil,Defender - Centre-Back,right,Olympique Lyon,Ligue 1
Cenk Özkacar,20,"1,90 m",Turkey,Defender - Centre-Back,left,Olympique Lyon,Ligue 1
Djamel Eddine Benlamri,31,"1,90 m",Algeria,Defender - Centre-Back,right,Olympique Lyon,Ligue 1
Maxwel Cornet,24,"1,79 m",Cote d'Ivoire  France,Defender - Left-Back,left,Olympique Lyon,Ligue 1
Melvin Bard,20,"1,73 m",France,Defender - Left-Back,left,Olympique Lyon,Ligue 1
Léo Dubois,26,"1,78 m",France,Defender - Right-Back,right,Olympique Lyon,Ligue 1
Mattia De Sciglio,28,"1,83 m",Italy,Defender - Right-Back,right,Olympique Lyon,Ligue 1
Thiago Mendes,28,"1,77 m",Brazil,midfield - Defensive Midfield,right,Olympique Lyon,Ligue 1
Houssem Aouar,22,"1,75 m",France  Algeria,midfield - Central Midfield,right,Olympique Lyon,Ligue 1
Bruno Guimarães,23,"1,82 m",Brazil  Spain,midfield - Central Midfield,right,Olympique Lyon,Ligue 1
Maxence Caqueret,20,"1,74 m",France,midfield - Central Midfield,right,Olympique Lyon,Ligue 1
Jean Lucas,22,"1,81 m",Brazil,midfield - Central Midfield,right,Olympique Lyon,Ligue 1
Camilo,21,"1,78 m",Brazil  Netherlands,midfield - Central Midfield,right,Olympique Lyon,Ligue 1
Lucas Paquetá,23,"1,80 m",Brazil  Portugal,midfield - Attacking Midfield,left,Olympique Lyon,Ligue 1
Rayan Cherki,17,"1,76 m",France  Algeria,midfield - Attacking Midfield,right,Olympique Lyon,Ligue 1
Memphis Depay,26,"1,76 m",Netherlands  Ghana,attack - Left Winger,right,Olympique Lyon,Ligue 1
Yahya Soumaré,20,"1,73 m",France  Mali,attack - Right Winger,right,Olympique Lyon,Ligue 1
Moussa Dembélé,24,"1,83 m",France  Mali,attack - Centre-Forward,right,Olympique Lyon,Ligue 1
Karl Toko Ekambi,28,"1,85 m",Cameroon  France,attack - Centre-Forward,right,Olympique Lyon,Ligue 1
Tino Kadewere,25,"1,83 m",Zimbabwe,attack - Centre-Forward,right,Olympique Lyon,Ligue 1
Benjamin Lecomte,29,"1,86 m",France,Goalkeeper,left,AS Monaco,Ligue 1
Radoslaw Majecki,21,"1,93 m",Poland,Goalkeeper,right,AS Monaco,Ligue 1
Vito Mannone,32,"1,88 m",Italy,Goalkeeper,right,AS Monaco,Ligue 1
Benoît Badiashile,19,"1,94 m",France  DR Congo,Defender - Centre-Back,left,AS Monaco,Ligue 1
Axel Disasi,22,"1,90 m",France  DR Congo,Defender - Centre-Back,right,AS Monaco,Ligue 1
Guillermo Maripán,26,"1,93 m",Chile,Defender - Centre-Back,right,AS Monaco,Ligue 1
Strahinja Pavlovic,19,"1,94 m",Serbia,Defender - Centre-Back,left,AS Monaco,Ligue 1
Chrislain Matsima,18,"1,93 m",France  Congo,Defender - Centre-Back,right,AS Monaco,Ligue 1
Caio Henrique,23,"1,79 m",Brazil  Spain,Defender - Left-Back,left,AS Monaco,Ligue 1
Fodé Ballo-Touré,24,"1,82 m",France  Mali,Defender - Left-Back,left,AS Monaco,Ligue 1
Ruben Aguilar,27,"1,72 m",France  Spain,Defender - Right-Back,right,AS Monaco,Ligue 1
Djibril Sidibé,28,"1,82 m",France  Mali,Defender - Right-Back,right,AS Monaco,Ligue 1
Aurélien Tchouaméni,20,"1,85 m",France  Cameroon,midfield - Defensive Midfield,right,AS Monaco,Ligue 1
Florentino,21,"1,84 m",Portugal  Angola,midfield - Defensive Midfield,right,AS Monaco,Ligue 1
Youssouf Fofana,22,"1,76 m",France  Mali,midfield - Central Midfield,right,AS Monaco,Ligue 1
Cesc Fàbregas,33,"1,79 m",Spain,midfield - Central Midfield,right,AS Monaco,Ligue 1
Youssef Aït Bennasser,24,"1,84 m",Morocco  France,midfield - Central Midfield,right,AS Monaco,Ligue 1
Eliot Matazo,18,"1,74 m",Belgium  DR Congo,midfield - Central Midfield,right,AS Monaco,Ligue 1
Enzo Millot,18,"1,75 m",France  Martinique,midfield - Central Midfield,left,AS Monaco,Ligue 1
Aleksandr Golovin,24,"1,80 m",Russia,midfield - Attacking Midfield,right,AS Monaco,Ligue 1
Sofiane Diop,20,"1,75 m",France  Senegal,midfield - Attacking Midfield,right,AS Monaco,Ligue 1
Henry Onyekuru,23,"1,75 m",Nigeria,attack - Left Winger,right,AS Monaco,Ligue 1
Willem Geubbels,19,"1,85 m",France  Netherlands,attack - Left Winger,right,AS Monaco,Ligue 1
Gelson Martins,25,"1,73 m",Portugal  Cape Verde,attack - Right Winger,right,AS Monaco,Ligue 1
Samuel Grandsir,24,"1,70 m",France  Senegal,attack - Right Winger,right,AS Monaco,Ligue 1
Wissam Ben Yedder,30,"1,70 m",France  Tunisia,attack - Centre-Forward,right,AS Monaco,Ligue 1
Kevin Volland,28,"1,79 m",Germany,attack - Centre-Forward,left,AS Monaco,Ligue 1
Stevan Jovetic,31,"1,83 m",Montenegro  Serbia,attack - Centre-Forward,right,AS Monaco,Ligue 1
Pietro Pellegri,19,"1,88 m",Italy,attack - Centre-Forward,right,AS Monaco,Ligue 1
Mike Maignan,25,"1,91 m",France  French Guiana,Goalkeeper,right,LOSC Lille,Ligue 1
Orestis Karnezis,35,"1,90 m",Greece,Goalkeeper,right,LOSC Lille,Ligue 1
Lucas Chevalier,19,"1,92 m",France,Goalkeeper,right,LOSC Lille,Ligue 1
Sven Botman,20,"1,95 m",Netherlands,Defender - Centre-Back,left,LOSC Lille,Ligue 1
Tiago Djaló,20,"1,90 m",Portugal,Defender - Centre-Back,right,LOSC Lille,Ligue 1
José Fonte,37,"1,91 m",Portugal,Defender - Centre-Back,right,LOSC Lille,Ligue 1
Domagoj Bradaric,21,"1,78 m",Croatia,Defender - Left-Back,left,LOSC Lille,Ligue 1
Reinildo Mandava,26,"1,80 m",Mozambique,Defender - Left-Back,left,LOSC Lille,Ligue 1
Zeki Celik,23,"1,80 m",Turkey,Defender - Right-Back,right,LOSC Lille,Ligue 1
Jérémy Pied,31,"1,73 m",France,Defender - Right-Back,right,LOSC Lille,Ligue 1
Boubakary Soumaré,21,"1,88 m",France  Senegal,midfield - Defensive Midfield,right,LOSC Lille,Ligue 1
Cheikh Niasse,20,"1,88 m",France  Senegal,midfield - Defensive Midfield,right,LOSC Lille,Ligue 1
Eugenio Pizzuto,18,"1,79 m",Mexico  Italy,midfield - Defensive Midfield,left,LOSC Lille,Ligue 1
Renato Sanches,23,"1,76 m",Portugal  Sao Tome and Principe,midfield - Central Midfield,right,LOSC Lille,Ligue 1
Benjamin André,30,"1,80 m",France,midfield - Central Midfield,right,LOSC Lille,Ligue 1
Xeka,26,"1,86 m",Portugal,midfield - Central Midfield,both,LOSC Lille,Ligue 1
Yusuf Yazici,23,"1,83 m",Turkey,midfield - Attacking Midfield,left,LOSC Lille,Ligue 1
Jonathan Bamba,24,"1,75 m",France  Cote d'Ivoire,attack - Left Winger,right,LOSC Lille,Ligue 1
Jonathan Ikoné,22,"1,75 m",France  DR Congo,attack - Right Winger,left,LOSC Lille,Ligue 1
Luiz Araújo,24,"1,75 m",Brazil,attack - Right Winger,left,LOSC Lille,Ligue 1
Isaac Lihadji,18,"1,77 m",France  Comoros,attack - Right Winger,left,LOSC Lille,Ligue 1
Jonathan David,20,"1,80 m",Canada  United States,attack - Centre-Forward,both,LOSC Lille,Ligue 1
Timothy Weah,20,"1,85 m",United States  France,attack - Centre-Forward,right,LOSC Lille,Ligue 1
Burak Yilmaz,35,"1,88 m",Turkey,attack - Centre-Forward,right,LOSC Lille,Ligue 1
Fadiga Ouattara,19,"1,82 m",France  Cote d'Ivoire,attack - Centre-Forward,left,LOSC Lille,Ligue 1
Alfred Gomis,27,"1,96 m",Senegal  Italy,Goalkeeper,right,Stade Rennais FC,Ligue 1
Romain Salin,36,"1,89 m",France,Goalkeeper,left,Stade Rennais FC,Ligue 1
Pépé Bonet,17,"1,93 m",DR Congo  France,Goalkeeper,right,Stade Rennais FC,Ligue 1
Daniele Rugani,26,"1,90 m",Italy,Defender - Centre-Back,right,Stade Rennais FC,Ligue 1
Nayef Aguerd,24,"1,88 m",Morocco,Defender - Centre-Back,left,Stade Rennais FC,Ligue 1
Damien Da Silva,32,"1,84 m",France  Portugal,Defender - Centre-Back,right,Stade Rennais FC,Ligue 1
Gerzino Nyamsi,23,"1,94 m",France  Cameroon,Defender - Centre-Back,right,Stade Rennais FC,Ligue 1
Faitout Maouassa,22,"1,70 m",France  Congo,Defender - Left-Back,left,Stade Rennais FC,Ligue 1
Adrien Truffert,19,"1,73 m",France,Defender - Left-Back,left,Stade Rennais FC,Ligue 1
Dalbert,27,"1,81 m",Brazil,Defender - Left-Back,left,Stade Rennais FC,Ligue 1
Hamari Traoré,28,"1,75 m",Mali,Defender - Right-Back,right,Stade Rennais FC,Ligue 1
Brandon Soppy,18,"1,81 m",France  Cote d'Ivoire,Defender - Right-Back,right,Stade Rennais FC,Ligue 1
Steven Nzonzi,32,"1,96 m",France  DR Congo,midfield - Defensive Midfield,right,Stade Rennais FC,Ligue 1
Eduardo Camavinga,18,"1,82 m",France  Congo,midfield - Central Midfield,left,Stade Rennais FC,Ligue 1
Benjamin Bourigeaud,26,"1,77 m",France,midfield - Central Midfield,right,Stade Rennais FC,Ligue 1
James Léa Siliki,24,"1,83 m",France  Cameroon,midfield - Central Midfield,left,Stade Rennais FC,Ligue 1
Clément Grenier,30,"1,86 m",France,midfield - Central Midfield,right,Stade Rennais FC,Ligue 1
Jonas Martin,30,"1,84 m",France,midfield - Central Midfield,right,Stade Rennais FC,Ligue 1
Martin Terrier,23,"1,84 m",France,attack - Left Winger,right,Stade Rennais FC,Ligue 1
Yann Gboho,19,"1,78 m",France  Cote d'Ivoire,attack - Left Winger,right,Stade Rennais FC,Ligue 1
Flavien Tait,27,"1,75 m",France,attack - Left Winger,right,Stade Rennais FC,Ligue 1
Jérémy Doku,18,"1,71 m",Belgium  Ghana,attack - Right Winger,right,Stade Rennais FC,Ligue 1
Romain Del Castillo,24,"1,72 m",France  Spain,attack - Right Winger,left,Stade Rennais FC,Ligue 1
Serhou Guirassy,24,"1,87 m",France  Guinea,attack - Centre-Forward,right,Stade Rennais FC,Ligue 1
M'Baye Niang,26,"1,88 m",Senegal  France,attack - Centre-Forward,right,Stade Rennais FC,Ligue 1
Adrien Hunou,26,"1,79 m",France  Poland,attack - Centre-Forward,right,Stade Rennais FC,Ligue 1
Georginio Rutter,18,"1,82 m",France  Martinique,attack - Centre-Forward,both,Stade Rennais FC,Ligue 1
Steve Mandanda,35,"1,85 m",France  DR Congo,Goalkeeper,right,Olympique Marseille,Ligue 1
Yohann Pelé,38,"1,96 m",France,Goalkeeper,right,Olympique Marseille,Ligue 1
Simon Ngapandouetnbu,17,"1,80 m",Cameroon  France,Goalkeeper,right,Olympique Marseille,Ligue 1
Duje Caleta-Car,24,"1,92 m",Croatia,Defender - Centre-Back,right,Olympique Marseille,Ligue 1
Leonardo Balerdi,21,"1,87 m",Argentina,Defender - Centre-Back,right,Olympique Marseille,Ligue 1
Álvaro González,31,"1,82 m",Spain,Defender - Centre-Back,right,Olympique Marseille,Ligue 1
Lucas Perrin,22,"1,87 m",France,Defender - Centre-Back,right,Olympique Marseille,Ligue 1
Aaron Kamardin,18,"1,83 m",France  Comoros,Defender - Centre-Back,right,Olympique Marseille,Ligue 1
Jordan Amavi,26,"1,76 m",France  Togo,Defender - Left-Back,left,Olympique Marseille,Ligue 1
Christopher Rocchia,22,"1,72 m",France  Comoros,Defender - Left-Back,left,Olympique Marseille,Ligue 1
Yuto Nagatomo,34,"1,70 m",Japan,Defender - Left-Back,both,Olympique Marseille,Ligue 1
Hiroki Sakai,30,"1,83 m",Japan,Defender - Right-Back,right,Olympique Marseille,Ligue 1
Richecard Richard,18,"1,71 m",France,Defender - Right-Back,right,Olympique Marseille,Ligue 1
Boubacar Kamara,21,"1,84 m",France  Senegal,midfield - Defensive Midfield,right,Olympique Marseille,Ligue 1
Pape Gueye,21,"1,89 m",France  Senegal,midfield - Defensive Midfield,left,Olympique Marseille,Ligue 1
Alexandre Phliponeau,20,"1,80 m",France,midfield - Defensive Midfield,right,Olympique Marseille,Ligue 1
Nassim Ahmed,20,"1,74 m",France  Comoros,midfield - Defensive Midfield,left,Olympique Marseille,Ligue 1
Morgan Sanson,26,"1,80 m",France,midfield - Central Midfield,right,Olympique Marseille,Ligue 1
Valentin Rongier,26,"1,72 m",France,midfield - Central Midfield,right,Olympique Marseille,Ligue 1
Michaël Cuisance,21,"1,81 m",France,midfield - Central Midfield,left,Olympique Marseille,Ligue 1
Kevin Strootman,30,"1,86 m",Netherlands,midfield - Central Midfield,left,Olympique Marseille,Ligue 1
Ugo Bertelli,17,"1,68 m",France,midfield - Central Midfield,right,Olympique Marseille,Ligue 1
Cheick Souaré,18,"1,70 m",France  Guinea,midfield - Central Midfield,left,Olympique Marseille,Ligue 1
Saîf-Eddine Khaoui,25,"1,80 m",Tunisia  France,midfield - Attacking Midfield,left,Olympique Marseille,Ligue 1
Jorès Rahou,17,"1,76 m",France  Algeria,midfield - Attacking Midfield,right,Olympique Marseille,Ligue 1
Dimitri Payet,33,"1,75 m",France,attack - Left Winger,right,Olympique Marseille,Ligue 1
Luis Henrique,19,"1,81 m",Brazil,attack - Left Winger,right,Olympique Marseille,Ligue 1
Nemanja Radonjic,24,"1,85 m",Serbia,attack - Left Winger,both,Olympique Marseille,Ligue 1
Marley Aké,20,"1,77 m",France  Cote d'Ivoire,attack - Left Winger,right,Olympique Marseille,Ligue 1
Florian Thauvin,27,"1,79 m",France,attack - Right Winger,left,Olympique Marseille,Ligue 1
Darío Benedetto,30,"1,77 m",Argentina  Mexico,attack - Centre-Forward,both,Olympique Marseille,Ligue 1
Valère Germain,30,"1,80 m",France,attack - Centre-Forward,right,Olympique Marseille,Ligue 1
Konstantinos Mitroglou,32,"1,88 m",Greece,attack - Centre-Forward,both,Olympique Marseille,Ligue 1
Walter Benítez,27,"1,91 m",Argentina,Goalkeeper,right,OGC Nice,Ligue 1
Yoan Cardinale,26,"1,81 m",France,Goalkeeper,right,OGC Nice,Ligue 1
Teddy Boulhendi,19,"1,85 m",Algeria  France,Goalkeeper,,OGC Nice,Ligue 1
William Saliba,19,"1,93 m",France  Cameroon,Defender - Centre-Back,right,OGC Nice,Ligue 1
Robson Bambu,23,"1,86 m",Brazil,Defender - Centre-Back,right,OGC Nice,Ligue 1
Andy Pelmard,20,"1,80 m",France  Guadeloupe,Defender - Centre-Back,right,OGC Nice,Ligue 1
Flavius Daniliuc,19,"1,88 m",Austria,Defender - Centre-Back,both,OGC Nice,Ligue 1
Dante,37,"1,89 m",Brazil,Defender - Centre-Back,left,OGC Nice,Ligue 1
Hassane Kamara,26,"1,68 m",France  The Gambia,Defender - Left-Back,left,OGC Nice,Ligue 1
Stanley Nsoki,21,"1,84 m",France  Congo,Defender - Left-Back,left,OGC Nice,Ligue 1
Racine Coly,25,"1,85 m",Senegal,Defender - Left-Back,left,OGC Nice,Ligue 1
Youcef Atal,24,"1,76 m",Algeria,Defender - Right-Back,both,OGC Nice,Ligue 1
Jordan Lotomba,22,"1,77 m",Switzerland  DR Congo,Defender - Right-Back,right,OGC Nice,Ligue 1
Morgan Schneiderlin,31,"1,86 m",France,midfield - Defensive Midfield,right,OGC Nice,Ligue 1
Danilo,24,"1,82 m",Brazil,midfield - Defensive Midfield,left,OGC Nice,Ligue 1
Khéphren Thuram,19,"1,91 m",France  Guadeloupe,midfield - Defensive Midfield,right,OGC Nice,Ligue 1
Jeff Reine-Adélaïde,22,"1,84 m",France  Martinique,midfield - Central Midfield,right,OGC Nice,Ligue 1
Pierre Lees Melou,27,"1,85 m",France,midfield - Central Midfield,right,OGC Nice,Ligue 1
Hicham Boudaoui,21,"1,75 m",Algeria,midfield - Central Midfield,right,OGC Nice,Ligue 1
Alexis Trouillet,20,"1,75 m",France,midfield - Central Midfield,left,OGC Nice,Ligue 1
Amine Gouiri,20,"1,80 m",France  Algeria,attack - Left Winger,right,OGC Nice,Ligue 1
Alexis Claude-Maurice,22,"1,74 m",France  Guadeloupe,attack - Left Winger,right,OGC Nice,Ligue 1
Deji Sotona,18,"1,79 m",Ireland  Nigeria,attack - Left Winger,,OGC Nice,Ligue 1
Rony Lopes,25,"1,74 m",Portugal  Brazil,attack - Right Winger,left,OGC Nice,Ligue 1
Dan Ndoye,20,"1,84 m",Switzerland  Senegal,attack - Right Winger,right,OGC Nice,Ligue 1
Kasper Dolberg,23,"1,87 m",Denmark,attack - Centre-Forward,right,OGC Nice,Ligue 1
Myziane Maolida,21,"1,82 m",France  Comoros,attack - Centre-Forward,right,OGC Nice,Ligue 1
Matz Sels,28,"1,88 m",Belgium,Goalkeeper,right,RC Strasbourg Alsace,Ligue 1
Bingourou Kamara,24,"1,96 m",Senegal  France,Goalkeeper,right,RC Strasbourg Alsace,Ligue 1
Eiji Kawashima,37,"1,85 m",Japan,Goalkeeper,right,RC Strasbourg Alsace,Ligue 1
Mohamed Simakan,20,"1,87 m",France  Guinea,Defender - Centre-Back,right,RC Strasbourg Alsace,Ligue 1
Alexander Djiku,26,"1,82 m",Ghana  France,Defender - Centre-Back,right,RC Strasbourg Alsace,Ligue 1
Stefan Mitrovic,30,"1,89 m",Serbia,Defender - Centre-Back,both,RC Strasbourg Alsace,Ligue 1
Lamine Koné,31,"1,89 m",Cote d'Ivoire  France,Defender - Centre-Back,right,RC Strasbourg Alsace,Ligue 1
Anthony Caci,23,"1,84 m",France,Defender - Left-Back,right,RC Strasbourg Alsace,Ligue 1
Lionel Carole,29,"1,82 m",France  Martinique,Defender - Left-Back,left,RC Strasbourg Alsace,Ligue 1
Kenny Lala,29,"1,78 m",France  Martinique,Defender - Right-Back,right,RC Strasbourg Alsace,Ligue 1
Ismaël Aaneba,21,"1,86 m",France  Morocco,Defender - Right-Back,right,RC Strasbourg Alsace,Ligue 1
Ibrahima Sissoko,23,"1,93 m",France  Mali,midfield - Defensive Midfield,right,RC Strasbourg Alsace,Ligue 1
Jean-Eudes Aholou,26,"1,87 m",Cote d'Ivoire,midfield - Defensive Midfield,left,RC Strasbourg Alsace,Ligue 1
Mahame Siby,24,"1,91 m",France  Mali,midfield - Defensive Midfield,right,RC Strasbourg Alsace,Ligue 1
Jean-Ricner Bellegarde,22,"1,70 m",France  Haiti,midfield - Central Midfield,right,RC Strasbourg Alsace,Ligue 1
Sanjin Prcic,27,"1,82 m",Bosnia-Herzegovina  France,midfield - Central Midfield,right,RC Strasbourg Alsace,Ligue 1
Dimitri Liénard,32,"1,84 m",France,midfield - Central Midfield,left,RC Strasbourg Alsace,Ligue 1
Adrien Thomasson,27,"1,77 m",France  Croatia,midfield - Attacking Midfield,left,RC Strasbourg Alsace,Ligue 1
Mehdi Chahiri,24,"1,80 m",France  Morocco,attack - Left Winger,right,RC Strasbourg Alsace,Ligue 1
Habib Diallo,25,"1,86 m",Senegal,attack - Centre-Forward,right,RC Strasbourg Alsace,Ligue 1
Ludovic Ajorque,26,"1,97 m",France  Réunion,attack - Centre-Forward,left,RC Strasbourg Alsace,Ligue 1
Majeed Waris,29,"1,72 m",Ghana,attack - Centre-Forward,right,RC Strasbourg Alsace,Ligue 1
Lebo Mothiba,24,"1,82 m",South Africa,attack - Centre-Forward,right,RC Strasbourg Alsace,Ligue 1
Kévin Zohi,24,"1,77 m",Mali  Cote d'Ivoire,attack - Centre-Forward,right,RC Strasbourg Alsace,Ligue 1
Idriss Saadi,28,"1,80 m",Algeria  France,attack - Centre-Forward,right,RC Strasbourg Alsace,Ligue 1
Jonas Omlin,27,"1,90 m",Switzerland,Goalkeeper,right,Montpellier HSC,Ligue 1
Dimitry Bertaud,22,"1,80 m",France,Goalkeeper,right,Montpellier HSC,Ligue 1
Matis Carvalho,21,"1,87 m",Portugal  France,Goalkeeper,right,Montpellier HSC,Ligue 1
Pedro Mendes,30,"1,86 m",Portugal,Defender - Centre-Back,right,Montpellier HSC,Ligue 1
Nicolas Cozza,22,"1,78 m",France,Defender - Centre-Back,left,Montpellier HSC,Ligue 1
Daniel Congré,35,"1,85 m",France  Guadeloupe,Defender - Centre-Back,right,Montpellier HSC,Ligue 1
Clément Vidal,20,"1,81 m",France,Defender - Centre-Back,right,Montpellier HSC,Ligue 1
Hilton,43,"1,80 m",Brazil,Defender - Centre-Back,right,Montpellier HSC,Ligue 1
Ambroise Oyongo,29,"1,76 m",Cameroon,Defender - Left-Back,left,Montpellier HSC,Ligue 1
Thibault Tamas,19,"1,77 m",France  Guadeloupe,Defender - Left-Back,left,Montpellier HSC,Ligue 1
Arnaud Souquet,28,"1,79 m",France,Defender - Right-Back,right,Montpellier HSC,Ligue 1
Mathías Suárez,24,"1,82 m",Uruguay,Defender - Right-Back,right,Montpellier HSC,Ligue 1
Joris Chotard,19,"1,79 m",France,midfield - Defensive Midfield,right,Montpellier HSC,Ligue 1
Junior Sambia,24,"1,85 m",France  Central African Republic,midfield - Defensive Midfield,right,Montpellier HSC,Ligue 1
Damien Le Tallec,30,"1,87 m",France  Russia,midfield - Defensive Midfield,right,Montpellier HSC,Ligue 1
Téji Savanier,29,"1,71 m",France,midfield - Central Midfield,right,Montpellier HSC,Ligue 1
Jordan Ferri,28,"1,72 m",France,midfield - Central Midfield,right,Montpellier HSC,Ligue 1
Samy Benchama,20,"1,87 m",France  Algeria,midfield - Central Midfield,right,Montpellier HSC,Ligue 1
Thibaut Vargas,20,"1,75 m",France,midfield - Right Midfield,both,Montpellier HSC,Ligue 1
Mihailo Ristic,25,"1,80 m",Serbia  Bosnia-Herzegovina,midfield - Left Midfield,left,Montpellier HSC,Ligue 1
Florent Mollet,29,"1,75 m",France,midfield - Attacking Midfield,right,Montpellier HSC,Ligue 1
Keagan Dolly,27,"1,70 m",South Africa,attack - Left Winger,left,Montpellier HSC,Ligue 1
Il-lok Yun,28,"1,78 m","Korea, South",attack - Left Winger,right,Montpellier HSC,Ligue 1
Andy Delort,29,"1,82 m",Algeria  France,attack - Centre-Forward,right,Montpellier HSC,Ligue 1
Gaëtan Laborde,26,"1,81 m",France,attack - Centre-Forward,left,Montpellier HSC,Ligue 1
Stephy Mavididi,22,"1,83 m",England  DR Congo,attack - Centre-Forward,right,Montpellier HSC,Ligue 1
Petar Skuletic,30,"1,93 m",Serbia  Montenegro,attack - Centre-Forward,left,Montpellier HSC,Ligue 1
Yanis Ammour,21,"1,82 m",France  Tunisia,attack - Centre-Forward,left,Montpellier HSC,Ligue 1
Béni Makouana,18,"1,77 m",Congo,attack - Centre-Forward,,Montpellier HSC,Ligue 1
Alban Lafont,21,"1,96 m",France  Burkina Faso,Goalkeeper,right,FC Nantes,Ligue 1
Denis Petric,32,"1,86 m",Serbia  Slovenia,Goalkeeper,right,FC Nantes,Ligue 1
Charly Jan,21,"1,85 m",France,Goalkeeper,,FC Nantes,Ligue 1
Andrei Girotto,28,"1,86 m",Brazil,Defender - Centre-Back,right,FC Nantes,Ligue 1
Jean-Charles Castelletto,25,"1,85 m",Cameroon  France,Defender - Centre-Back,both,FC Nantes,Ligue 1
Nicolas Pallois,33,"1,89 m",France,Defender - Centre-Back,left,FC Nantes,Ligue 1
Thomas Basila,21,"1,87 m",France,Defender - Centre-Back,right,FC Nantes,Ligue 1
Charles Traoré,29,"1,80 m",Mali  France,Defender - Left-Back,left,FC Nantes,Ligue 1
Fábio,30,"1,72 m",Brazil  Portugal,Defender - Right-Back,right,FC Nantes,Ligue 1
Dennis Appiah,28,"1,79 m",France  Ghana,Defender - Right-Back,right,FC Nantes,Ligue 1
Sébastien Corchia,30,"1,76 m",France  Italy,Defender - Right-Back,right,FC Nantes,Ligue 1
Abdoulaye Touré,26,"1,88 m",France  Guinea,midfield - Defensive Midfield,right,FC Nantes,Ligue 1
Pedro Chirivella,23,"1,78 m",Spain,midfield - Defensive Midfield,right,FC Nantes,Ligue 1
Batista Mendy,20,"1,91 m",France,midfield - Defensive Midfield,right,FC Nantes,Ligue 1
Imrân Louza,21,"1,78 m",France  Morocco,midfield - Central Midfield,left,FC Nantes,Ligue 1
Mehdi Abeid,28,"1,78 m",Algeria  France,midfield - Central Midfield,right,FC Nantes,Ligue 1
Ludovic Blas,23,"1,80 m",France  Martinique,midfield - Attacking Midfield,left,FC Nantes,Ligue 1
Roli Pereira de Sa,24,"1,77 m",France  Portugal,midfield - Attacking Midfield,right,FC Nantes,Ligue 1
Moses Simon,25,"1,68 m",Nigeria,attack - Left Winger,right,FC Nantes,Ligue 1
Anthony Limbombe,26,"1,77 m",Belgium  DR Congo,attack - Left Winger,right,FC Nantes,Ligue 1
Marcus Coco,24,"1,84 m",France  Guadeloupe,attack - Right Winger,right,FC Nantes,Ligue 1
Abdoul Kader Bamba,26,"1,76 m",France  Mali,attack - Right Winger,right,FC Nantes,Ligue 1
Randal Kolo Muani,22,"1,87 m",France  DR Congo,attack - Centre-Forward,right,FC Nantes,Ligue 1
Jean-Kévin Augustin,23,"1,80 m",France  Haiti,attack - Centre-Forward,right,FC Nantes,Ligue 1
Renaud Emond,29,"1,86 m",Belgium,attack - Centre-Forward,right,FC Nantes,Ligue 1
Kalifa Coulibaly,29,"1,97 m",Mali,attack - Centre-Forward,right,FC Nantes,Ligue 1
Bridge Ndilu,20,"1,86 m",France  DR Congo,attack - Centre-Forward,right,FC Nantes,Ligue 1
Benoît Costil,33,"1,88 m",France,Goalkeeper,right,FC Girondins Bordeaux,Ligue 1
Gaëtan Poussin,21,"1,86 m",France,Goalkeeper,right,FC Girondins Bordeaux,Ligue 1
Over Mandanda,22,"1,78 m",France  DR Congo,Goalkeeper,right,FC Girondins Bordeaux,Ligue 1
Pablo,29,"1,88 m",Brazil,Defender - Centre-Back,right,FC Girondins Bordeaux,Ligue 1
Laurent Koscielny,35,"1,86 m",France  Poland,Defender - Centre-Back,right,FC Girondins Bordeaux,Ligue 1
Mexer,32,"1,88 m",Mozambique,Defender - Centre-Back,right,FC Girondins Bordeaux,Ligue 1
Vukasin Jovanovic,24,"1,88 m",Serbia,Defender - Centre-Back,right,FC Girondins Bordeaux,Ligue 1
Paul Baysse,32,"1,85 m",France,Defender - Centre-Back,right,FC Girondins Bordeaux,Ligue 1
Loris Benito,29,"1,84 m",Switzerland  Spain,Defender - Left-Back,left,FC Girondins Bordeaux,Ligue 1
Maxime Poundjé,28,"1,79 m",France  Cameroon,Defender - Left-Back,left,FC Girondins Bordeaux,Ligue 1
Youssouf Sabaly,27,"1,73 m",Senegal  France,Defender - Right-Back,right,FC Girondins Bordeaux,Ligue 1
Enock Kwateng,23,"1,81 m",France  Ghana,Defender - Right-Back,right,FC Girondins Bordeaux,Ligue 1
Ismaël Sow,19,"1,77 m",France  Senegal,Defender - Right-Back,right,FC Girondins Bordeaux B,Ligue 1
Otávio,26,"1,73 m",Brazil,midfield - Defensive Midfield,right,FC Girondins Bordeaux,Ligue 1
David Kong,26,"1,83 m",Macao  Portugal,midfield - Defensive Midfield,right,FC Girondins Bordeaux B,Ligue 1
Toma Basic,24,"1,90 m",Croatia,midfield - Central Midfield,right,FC Girondins Bordeaux,Ligue 1
Ibrahim Diarra,22,"1,75 m",France  Mali,midfield - Left Midfield,left,FC Girondins Bordeaux B,Ligue 1
Yacine Adli,20,"1,86 m",France  Algeria,midfield - Attacking Midfield,right,FC Girondins Bordeaux,Ligue 1
Hatem Ben Arfa,33,"1,79 m",France  Tunisia,midfield - Attacking Midfield,left,FC Girondins Bordeaux,Ligue 1
Mehdi Zerkane,21,"1,86 m",Algeria  France,midfield - Attacking Midfield,left,FC Girondins Bordeaux,Ligue 1
Logan Delaurier-Chaubet,18,"1,73 m",France,attack - Left Winger,left,FC Girondins Bordeaux B,Ligue 1
Samuel Kalu,23,"1,77 m",Nigeria,attack - Right Winger,right,FC Girondins Bordeaux,Ligue 1
Rémi Oudin,24,"1,86 m",France,attack - Right Winger,left,FC Girondins Bordeaux,Ligue 1
Amadou Traoré,18,"1,77 m",France  Guinea,attack - Right Winger,right,FC Girondins Bordeaux B,Ligue 1
Josh Maja,22,"1,81 m",Nigeria  England,attack - Centre-Forward,right,FC Girondins Bordeaux,Ligue 1
Nicolas de Préville,30,"1,82 m",France,attack - Centre-Forward,right,FC Girondins Bordeaux,Ligue 1
Ui-jo Hwang,28,"1,85 m","Korea, South",attack - Centre-Forward,both,FC Girondins Bordeaux,Ligue 1
Jimmy Briand,35,"1,83 m",France  Martinique,attack - Centre-Forward,right,FC Girondins Bordeaux,Ligue 1
Dilane Bakwa,18,"1,79 m",France  DR Congo,attack - Centre-Forward,right,FC Girondins Bordeaux B,Ligue 1
Predrag Rajkovic,25,"1,92 m",Serbia,Goalkeeper,right,Stade Reims,Ligue 1
Yehvann Diouf,21,"1,90 m",France  Senegal,Goalkeeper,right,Stade Reims,Ligue 1
Dialy Ndiaye,21,"1,93 m",Senegal,Goalkeeper,left,Stade Reims,Ligue 1
Wout Faes,22,"1,87 m",Belgium,Defender - Centre-Back,right,Stade Reims,Ligue 1
Dario Maresic,21,"1,83 m",Austria  Croatia,Defender - Centre-Back,both,Stade Reims,Ligue 1
Yunis Abdelhamid,33,"1,90 m",Morocco  France,Defender - Centre-Back,left,Stade Reims,Ligue 1
Ghislain Konan,25,"1,76 m",Cote d'Ivoire,Defender - Left-Back,left,Stade Reims,Ligue 1
Thibault De Smet,22,"1,82 m",Belgium,Defender - Left-Back,left,Stade Reims,Ligue 1
Thomas Foket,26,"1,77 m",Belgium,Defender - Right-Back,right,Stade Reims,Ligue 1
Fodé Doucouré,19,"1,72 m",Mali,Defender - Right-Back,right,Stade Reims B,Ligue 1
Xavier Chavalerin,29,"1,79 m",France,midfield - Defensive Midfield,left,Stade Reims,Ligue 1
Marshall Munetsi,24,"1,87 m",Zimbabwe,midfield - Defensive Midfield,right,Stade Reims,Ligue 1
Mouhamadou Drammeh,21,"1,88 m",France  The Gambia,midfield - Defensive Midfield,left,Stade Reims B,Ligue 1
Valon Berisha,27,"1,76 m",Kosovo,midfield - Central Midfield,right,Stade Reims,Ligue 1
Moreto Cassamá,22,"1,65 m",Guinea-Bissau  Portugal,midfield - Central Midfield,right,Stade Reims,Ligue 1
Mathieu Cafaro,23,"1,75 m",France,midfield - Attacking Midfield,right,Stade Reims,Ligue 1
Moise Sakava,20,"1,69 m",Cameroon,midfield - Attacking Midfield,right,Stade Reims B,Ligue 1
Nathanaël Mbuku,18,"1,70 m",France  DR Congo,attack - Left Winger,left,Stade Reims,Ligue 1
Arbër Zeneli,25,"1,76 m",Kosovo  Sweden,attack - Left Winger,right,Stade Reims,Ligue 1
Moussa Doumbia,26,"1,73 m",Mali,attack - Left Winger,right,Stade Reims,Ligue 1
Dereck Kutesa,23,"1,78 m",Switzerland  Angola,attack - Right Winger,right,Stade Reims,Ligue 1
Hugo Ekitike,18,"1,89 m",France  Cameroon,attack - Right Winger,right,Stade Reims B,Ligue 1
Boulaye Dia,24,"1,80 m",Senegal  France,attack - Centre-Forward,right,Stade Reims,Ligue 1
El Bilal Touré,19,"1,85 m",Mali  Cote d'Ivoire,attack - Centre-Forward,both,Stade Reims,Ligue 1
Kaj Sierhuis,22,"1,80 m",Netherlands,attack - Centre-Forward,right,Stade Reims,Ligue 1
Anastasios Donis,24,"1,78 m",Greece  England,attack - Centre-Forward,right,Stade Reims,Ligue 1
Fraser Hornby,21,"1,95 m",Scotland  England,attack - Centre-Forward,left,Stade Reims,Ligue 1
Stefan Bajic,19,"1,91 m",France  Serbia,Goalkeeper,right,AS Saint-Étienne,Ligue 1
Jessy Moulin,34,"1,85 m",France,Goalkeeper,right,AS Saint-Étienne,Ligue 1
Etienne Green,20,"1,90 m",France  England,Goalkeeper,right,AS Saint-Étienne B,Ligue 1
Boubacar Fall,19,"1,98 m",Senegal,Goalkeeper,,AS Saint-Étienne,Ligue 1
Panagiotis Retsos,22,"1,86 m",Greece,Defender - Centre-Back,right,AS Saint-Étienne,Ligue 1
Harold Moukoudi,23,"1,91 m",Cameroon  France,Defender - Centre-Back,right,AS Saint-Étienne,Ligue 1
Timothée Kolodziejczak,29,"1,85 m",France  Poland,Defender - Centre-Back,left,AS Saint-Étienne,Ligue 1
Saïdou Sow,18,"1,85 m",Guinea  France,Defender - Centre-Back,,AS Saint-Étienne,Ligue 1
Yvann Maçon,22,"1,77 m",France  Guadeloupe,Defender - Left-Back,right,AS Saint-Étienne,Ligue 1
Gabriel Silva,29,"1,79 m",Brazil,Defender - Left-Back,left,AS Saint-Étienne,Ligue 1
Miguel Trauco,28,"1,75 m",Peru,Defender - Left-Back,left,AS Saint-Étienne,Ligue 1
Mathieu Debuchy,35,"1,77 m",France,Defender - Right-Back,right,AS Saint-Étienne,Ligue 1
Aimen Moueffek,19,"1,79 m",France  Morocco,Defender - Right-Back,right,AS Saint-Étienne,Ligue 1
Alpha Sissoko,23,"1,78 m",France  Mali,Defender - Right-Back,right,AS Saint-Étienne,Ligue 1
Yvan Neyou,24,"1,80 m",Cameroon  France,midfield - Defensive Midfield,right,AS Saint-Étienne,Ligue 1
Zaydou Youssouf,21,"1,82 m",France  Comoros,midfield - Central Midfield,left,AS Saint-Étienne,Ligue 1
Lucas Gourna-Douath,17,"1,85 m",France  Central African Republic,midfield - Central Midfield,right,AS Saint-Étienne,Ligue 1
Mahdi Camara,22,"1,78 m",France  Mali,midfield - Central Midfield,right,AS Saint-Étienne,Ligue 1
Adil Aouchiche,18,"1,81 m",France  Algeria,midfield - Attacking Midfield,right,AS Saint-Étienne,Ligue 1
Ryad Boudebouz,30,"1,77 m",Algeria  France,midfield - Attacking Midfield,left,AS Saint-Étienne,Ligue 1
Bilal Benkhedim,19,"1,75 m",France  Algeria,midfield - Attacking Midfield,right,AS Saint-Étienne,Ligue 1
Denis Bouanga,26,"1,80 m",Gabon  France,attack - Left Winger,right,AS Saint-Étienne,Ligue 1
Arnaud Nordin,22,"1,70 m",France  Martinique,attack - Left Winger,left,AS Saint-Étienne,Ligue 1
Kévin Monnet-Paquet,32,"1,84 m",France  Rwanda,attack - Left Winger,right,AS Saint-Étienne,Ligue 1
Abdoulaye Sidibé,18,"1,80 m",France  Senegal,attack - Left Winger,both,AS Saint-Étienne B,Ligue 1
Romain Hamouma,33,"1,79 m",France  Algeria,attack - Right Winger,right,AS Saint-Étienne,Ligue 1
Maxence Rivera,18,"1,68 m",France,attack - Right Winger,right,AS Saint-Étienne B,Ligue 1
Wahbi Khazri,29,"1,82 m",Tunisia  France,attack - Centre-Forward,right,AS Saint-Étienne,Ligue 1
Charles Abi,20,"1,87 m",France  Togo,attack - Centre-Forward,left,AS Saint-Étienne,Ligue 1
Jean-Philippe Krasso,23,"1,87 m",France  Cote d'Ivoire,attack - Centre-Forward,left,AS Saint-Étienne,Ligue 1
Gautier Larsonneur,23,"1,81 m",France,Goalkeeper,right,Stade Brest 29,Ligue 1
Mouez Hassen,25,"1,86 m",Tunisia  France,Goalkeeper,right,Stade Brest 29,Ligue 1
Sébastien Cibois,22,"1,92 m",France,Goalkeeper,right,Stade Brest 29,Ligue 1
Christophe Hérelle,28,"1,88 m",France  Martinique,Defender - Centre-Back,right,Stade Brest 29,Ligue 1
Jean-Kevin Duverne,23,"1,84 m",France  Haiti,Defender - Centre-Back,right,Stade Brest 29,Ligue 1
Brendan Chardonnet,26,"1,85 m",France,Defender - Centre-Back,right,Stade Brest 29,Ligue 1
Denys Bain,27,"1,81 m",France  Benin,Defender - Centre-Back,both,Stade Brest 29,Ligue 1
Romain Perraud,23,"1,73 m",France,Defender - Left-Back,left,Stade Brest 29,Ligue 1
Lilian Brassier,21,"1,84 m",France  Guadeloupe,Defender - Left-Back,left,Stade Brest 29,Ligue 1
Ludovic Baal,34,"1,76 m",French Guiana  France,Defender - Left-Back,left,Stade Brest 29,Ligue 1
Ronaël Pierre-Gabriel,22,"1,77 m",France,Defender - Right-Back,right,Stade Brest 29,Ligue 1
Julien Faussurier,33,"1,73 m",France,Defender - Right-Back,right,Stade Brest 29,Ligue 1
Paul Lasne,31,"1,86 m",France,midfield - Defensive Midfield,left,Stade Brest 29,Ligue 1
Idrissa Dioh,21,"1,87 m",France,midfield - Defensive Midfield,right,Stade Brest 29,Ligue 1
Romain Faivre,22,"1,80 m",France  Algeria,midfield - Central Midfield,left,Stade Brest 29,Ligue 1
Haris Belkebla,26,"1,77 m",Algeria  France,midfield - Central Midfield,right,Stade Brest 29,Ligue 1
Cristian Battocchio,28,"1,77 m",Italy  Argentina,midfield - Central Midfield,right,Stade Brest 29,Ligue 1
Hianga'a M'Bock,21,"1,86 m",France  Cameroon,midfield - Central Midfield,right,Stade Brest 29,Ligue 1
Hugo Magnetti,22,"1,72 m",France,midfield - Central Midfield,left,Stade Brest 29,Ligue 1
Ferris N'Goma,27,"1,75 m",France  DR Congo,midfield - Central Midfield,both,Stade Brest 29,Ligue 1
Heriberto Tavares,23,"1,81 m",Portugal  Cape Verde,attack - Left Winger,left,Stade Brest 29,Ligue 1
Romain Philippoteaux,32,"1,70 m",France,attack - Left Winger,both,Stade Brest 29,Ligue 1
Franck Honorat,24,"1,80 m",France,attack - Right Winger,right,Stade Brest 29,Ligue 1
Irvin Cardona,23,"1,85 m",France  Malta,attack - Centre-Forward,right,Stade Brest 29,Ligue 1
Steve Mounié,26,"1,90 m",Benin  France,attack - Centre-Forward,right,Stade Brest 29,Ligue 1
Gaëtan Charbonnier,32,"1,88 m",France,attack - Centre-Forward,right,Stade Brest 29,Ligue 1
Jérémy Le Douaron,22,"1,89 m",France,attack - Centre-Forward,left,Stade Brest 29,Ligue 1
Rafiki Saïd,20,"1,78 m",Comoros  France,attack - Centre-Forward,both,Stade Brest 29,Ligue 1
Paul Bernardoni,23,"1,90 m",France,Goalkeeper,left,SCO Angers,Ligue 1
Danijel Petkovic,27,"1,96 m",Montenegro,Goalkeeper,right,SCO Angers,Ligue 1
Ludovic Butelle,37,"1,88 m",France,Goalkeeper,left,SCO Angers,Ligue 1
Romain Thomas,32,"1,93 m",France,Defender - Centre-Back,right,SCO Angers,Ligue 1
Ismaël Traoré,34,"1,84 m",Cote d'Ivoire  France,Defender - Centre-Back,right,SCO Angers,Ligue 1
Mateo Pavlovic,30,"1,94 m",Croatia,Defender - Centre-Back,right,SCO Angers,Ligue 1
Kévin Boma,18,"1,87 m",France  Togo,Defender - Centre-Back,right,SCO Angers B,Ligue 1
Elhadji Pape Diaw,26,"1,94 m",Senegal,Defender - Centre-Back,left,SCO Angers,Ligue 1
Souleyman Doumbia,24,"1,83 m",Cote d'Ivoire  France,Defender - Left-Back,left,SCO Angers,Ligue 1
Enzo Ebosse,21,"1,85 m",France  Cameroon,Defender - Left-Back,left,SCO Angers,Ligue 1
Abdoulaye Bamba,30,"1,82 m",Cote d'Ivoire  Italy,Defender - Right-Back,right,SCO Angers,Ligue 1
Vincent Manceau,31,"1,76 m",France,Defender - Right-Back,right,SCO Angers,Ligue 1
Haithem Loucif,24,"1,77 m",Algeria,Defender - Right-Back,right,SCO Angers,Ligue 1
Ibrahim Amadou,27,"1,83 m",France  Cameroon,midfield - Defensive Midfield,right,SCO Angers,Ligue 1
Zinédine Ould Khaled,20,"1,95 m",France  Algeria,midfield - Defensive Midfield,right,SCO Angers,Ligue 1
Angelo Fulgini,24,"1,83 m",France  Cote d'Ivoire,midfield - Central Midfield,right,SCO Angers,Ligue 1
Antonin Bobichon,25,"1,78 m",France,midfield - Central Midfield,right,SCO Angers,Ligue 1
Thomas Mangani,33,"1,83 m",France  Italy,midfield - Central Midfield,left,SCO Angers,Ligue 1
Lassana Coulibaly,24,"1,83 m",Mali,midfield - Central Midfield,right,SCO Angers,Ligue 1
Mathias Pereira Lage,24,"1,80 m",Portugal  France,midfield - Left Midfield,right,SCO Angers,Ligue 1
Pierrick Capelle,33,"1,81 m",France,midfield - Left Midfield,left,SCO Angers,Ligue 1
Waniss Taïbi,18,"1,84 m",France  Algeria,midfield - Attacking Midfield,both,SCO Angers B,Ligue 1
Sofiane Boufal,27,"1,75 m",Morocco  France,attack - Left Winger,right,SCO Angers,Ligue 1
Thomas Touré,27,"1,75 m",Cote d'Ivoire  France,attack - Left Winger,right,SCO Angers,Ligue 1
Sada Thioub,25,"1,79 m",Senegal  France,attack - Right Winger,right,SCO Angers,Ligue 1
Jimmy Cabot,26,"1,64 m",France,attack - Right Winger,right,SCO Angers,Ligue 1
Farid El Melali,23,"1,68 m",Algeria,attack - Right Winger,both,SCO Angers,Ligue 1
Mohamed-Ali Cho,16,"1,82 m",France  England,attack - Right Winger,left,SCO Angers,Ligue 1
Noah Fatar,18,"1,70 m",France  Morocco,attack - Right Winger,left,SCO Angers B,Ligue 1
Kevin Bemanga,22,"1,75 m",France  Congo,attack - Right Winger,right,SCO Angers,Ligue 1
Stéphane Bahoken,28,"1,85 m",Cameroon  France,attack - Centre-Forward,right,SCO Angers,Ligue 1
Rachid Alioui,28,"1,86 m",Morocco  France,attack - Centre-Forward,right,SCO Angers,Ligue 1
Loïs Diony,28,"1,83 m",France  Martinique,attack - Centre-Forward,right,SCO Angers,Ligue 1
Wuilker Fariñez,22,"1,80 m",Venezuela,Goalkeeper,right,RC Lens,Ligue 1
Jean-Louis Leca,35,"1,80 m",France,Goalkeeper,right,RC Lens,Ligue 1
Didier Desprez,21,"1,89 m",France,Goalkeeper,right,RC Lens,Ligue 1
Facundo Medina,21,"1,84 m",Argentina,Defender - Centre-Back,left,RC Lens,Ligue 1
Loïc Badé,20,"1,91 m",France,Defender - Centre-Back,right,RC Lens,Ligue 1
Jonathan Gradit,28,"1,80 m",France,Defender - Centre-Back,right,RC Lens,Ligue 1
Steven Fortes,28,"1,92 m",Cape Verde  France,Defender - Centre-Back,right,RC Lens,Ligue 1
Aleksandar Radovanovic,27,"1,89 m",Serbia,Defender - Centre-Back,left,RC Lens,Ligue 1
Zakaria Diallo,34,"1,94 m",France  Senegal,Defender - Centre-Back,right,RC Lens,Ligue 1
Issiaga Sylla,27,"1,80 m",Guinea,Defender - Left-Back,left,RC Lens,Ligue 1
Massadio Haidara,28,"1,79 m",Mali  France,Defender - Left-Back,left,RC Lens,Ligue 1
Ismaël Boura,20,"1,73 m",France  Comoros,Defender - Left-Back,left,RC Lens,Ligue 1
Clément Michelin,23,"1,78 m",France,Defender - Right-Back,right,RC Lens,Ligue 1
Jonathan Clauss,28,"1,78 m",France,Defender - Right-Back,right,RC Lens,Ligue 1
Cheick Traoré,25,"1,74 m",Mali  France,Defender - Right-Back,right,RC Lens,Ligue 1
Cheick Doucouré,21,"1,80 m",Mali,midfield - Defensive Midfield,right,RC Lens,Ligue 1
Yannick Cahuzac,35,"1,78 m",France,midfield - Defensive Midfield,right,RC Lens,Ligue 1
Seko Fofana,25,"1,83 m",Cote d'Ivoire  France,midfield - Central Midfield,right,RC Lens,Ligue 1
Gaël Kakuta,29,"1,73 m",DR Congo  France,midfield - Attacking Midfield,left,RC Lens,Ligue 1
Tony Mauricio,26,"1,69 m",France  Portugal,midfield - Attacking Midfield,left,RC Lens,Ligue 1
David Costa,20,"1,68 m",Portugal,midfield - Attacking Midfield,left,RC Lens,Ligue 1
Adam Oudjani,19,"1,85 m",Algeria  France,midfield - Attacking Midfield,right,RC Lens,Ligue 1
Ignatius Ganago,21,"1,79 m",Cameroon  Nigeria,attack - Centre-Forward,right,RC Lens,Ligue 1
Arnaud Kalimuendo,18,"1,78 m",France  DR Congo,attack - Centre-Forward,right,RC Lens,Ligue 1
Florian Sotoca,30,"1,87 m",France,attack - Centre-Forward,right,RC Lens,Ligue 1
Corentin Jean,25,"1,70 m",France,attack - Centre-Forward,right,RC Lens,Ligue 1
Simon Banza,24,"1,89 m",France  DR Congo,attack - Centre-Forward,right,RC Lens,Ligue 1
Alexandre Oukidja,32,"1,84 m",Algeria  France,Goalkeeper,right,FC Metz,Ligue 1
Marc-Aurèle Caillard,26,"1,91 m",France,Goalkeeper,right,FC Metz,Ligue 1
Paul Delecroix,32,"1,85 m",France,Goalkeeper,right,FC Metz,Ligue 1
Dylan Bronn,25,"1,86 m",Tunisia  France,Defender - Centre-Back,right,FC Metz,Ligue 1
Kiki Kouyaté,23,"1,92 m",Mali,Defender - Centre-Back,both,FC Metz,Ligue 1
John Boye,33,"1,84 m",Ghana,Defender - Centre-Back,right,FC Metz,Ligue 1
Lenny Lacroix,17,"1,86 m",France,Defender - Centre-Back,,FC Metz,Ligue 1
Matthieu Udol,24,"1,78 m",France  Guadeloupe,Defender - Left-Back,left,FC Metz,Ligue 1
Thomas Delaine,28,"1,80 m",France,Defender - Left-Back,left,FC Metz,Ligue 1
Manuel Cabit,27,"1,80 m",Martinique  France,Defender - Left-Back,left,FC Metz,Ligue 1
Fabien Centonze,24,"1,82 m",France,Defender - Right-Back,right,FC Metz,Ligue 1
Ernest Boahene,20,"1,72 m",Ghana,Defender - Right-Back,right,FC Metz,Ligue 1
Habib Maïga,25,"1,81 m",Cote d'Ivoire,midfield - Defensive Midfield,right,FC Metz,Ligue 1
Mamadou Fofana,22,"1,86 m",Mali,midfield - Defensive Midfield,right,FC Metz,Ligue 1
Kévin N'Doram,24,"1,85 m",France  Chad,midfield - Defensive Midfield,right,FC Metz,Ligue 1
Vincent Pajot,30,"1,80 m",France,midfield - Defensive Midfield,right,FC Metz,Ligue 1
Victorien Angban,24,"1,80 m",Cote d'Ivoire,midfield - Central Midfield,right,FC Metz,Ligue 1
Boubacar Traoré,19,"1,83 m",Mali,midfield - Central Midfield,,FC Metz,Ligue 1
Warren Tchimbembé,22,"1,80 m",France  Congo,midfield - Right Midfield,right,FC Metz,Ligue 1
Youssef Maziz,22,"1,75 m",France  Morocco,midfield - Left Midfield,right,FC Metz,Ligue 1
Opa Nguette,26,"1,82 m",Senegal  France,attack - Left Winger,right,FC Metz,Ligue 1
Adama Traoré,25,"1,77 m",Mali,attack - Left Winger,left,FC Metz,Ligue 1
Farid Boulaya,27,"1,80 m",Algeria  France,attack - Right Winger,right,FC Metz,Ligue 1
Vagner,25,"1,68 m",Cape Verde  Portugal,attack - Right Winger,right,FC Metz,Ligue 1
Lamine Gueye,22,"1,78 m",Senegal,attack - Right Winger,,FC Metz,Ligue 1
Papa Ndiaga Yade,21,"1,86 m",Senegal,attack - Second Striker,left,FC Metz,Ligue 1
Ibrahima Niane,21,"1,87 m",Senegal,attack - Centre-Forward,right,FC Metz,Ligue 1
Thierry Ambrose,23,"1,78 m",France  Guadeloupe,attack - Centre-Forward,right,FC Metz,Ligue 1
Aaron Leya Iseka,23,"1,82 m",Belgium  DR Congo,attack - Centre-Forward,right,FC Metz,Ligue 1
Anthony Racioppi,22,"1,89 m",Switzerland,Goalkeeper,right,Dijon FCO,Ligue 1
Saturnin Allagbé,27,"1,87 m",Benin  France,Goalkeeper,right,Dijon FCO,Ligue 1
Lévi Ntumba,19,"1,94 m",France  DR Congo,Goalkeeper,left,Dijon FCO,Ligue 1
Jonathan Panzo,20,"1,85 m",England  Cote d'Ivoire,Defender - Centre-Back,left,Dijon FCO,Ligue 1
Bruno Ecuele Manga,32,"1,86 m",Gabon  France,Defender - Centre-Back,right,Dijon FCO,Ligue 1
Wesley Lautoa,33,"1,84 m",France,Defender - Centre-Back,left,Dijon FCO,Ligue 1
Senou Coulibaly,26,"1,93 m",France  Mali,Defender - Centre-Back,right,Dijon FCO,Ligue 1
Arthur Zagre,19,"1,68 m",France  Burkina Faso,Defender - Left-Back,left,Dijon FCO,Ligue 1
Aníbal Chalá,24,"1,78 m",Ecuador,Defender - Left-Back,left,Dijon FCO,Ligue 1
Ngonda Muzinga,26,"1,82 m",DR Congo,Defender - Left-Back,left,Dijon FCO,Ligue 1
Sacha Boey,20,"1,78 m",France  Cameroon,Defender - Right-Back,right,Dijon FCO,Ligue 1
Fouad Chafik,34,"1,83 m",Morocco  France,Defender - Right-Back,right,Dijon FCO,Ligue 1
Ahmad Ngouyamsa,20,"1,76 m",Cameroon,Defender - Right-Back,right,Dijon FCO,Ligue 1
Wilitty Younoussa,19,"1,74 m",Cameroon,midfield - Defensive Midfield,right,Dijon FCO,Ligue 1
Pape Cheikh,23,"1,80 m",Senegal  Spain,midfield - Central Midfield,right,Dijon FCO,Ligue 1
Didier Ndong,26,"1,79 m",Gabon,midfield - Central Midfield,right,Dijon FCO,Ligue 1
Jordan Marié,29,"1,77 m",France,midfield - Central Midfield,right,Dijon FCO,Ligue 1
Bersant Celina,24,"1,81 m",Kosovo  Norway,midfield - Attacking Midfield,right,Dijon FCO,Ligue 1
Yassine Benzia,26,"1,78 m",Algeria  France,midfield - Attacking Midfield,right,Dijon FCO,Ligue 1
Amir Arli,18,"1,93 m",Turkey  France,midfield - Attacking Midfield,,FCO Dijon U19,Ligue 1
Frédéric Sammaritano,34,"1,62 m",France,midfield - Attacking Midfield,right,Dijon FCO,Ligue 1
Mounir Chouiar,21,"1,80 m",France  Morocco,attack - Left Winger,right,Dijon FCO,Ligue 1
Alexandru Dobre,22,"1,85 m",Romania,attack - Left Winger,right,Dijon FCO,Ligue 1
Éric Ebimbe,20,"1,83 m",France  Cameroon,attack - Right Winger,right,Dijon FCO,Ligue 1
Mama Baldé,25,"1,81 m",Guinea-Bissau  Portugal,attack - Right Winger,right,Dijon FCO,Ligue 1
Roger Assalé,27,"1,67 m",Cote d'Ivoire,attack - Centre-Forward,right,Dijon FCO,Ligue 1
Moussa Konaté,27,"1,83 m",Senegal,attack - Centre-Forward,right,Dijon FCO,Ligue 1
Aurélien Scheidler,22,"1,92 m",France,attack - Centre-Forward,right,Dijon FCO,Ligue 1
Paul Nardi,26,"1,88 m",France,Goalkeeper,right,FC Lorient,Ligue 1
Matthieu Dreyer,31,"1,88 m",France,Goalkeeper,right,FC Lorient,Ligue 1
Teddy Bartouche,23,"1,78 m",France  Guadeloupe,Goalkeeper,right,FC Lorient,Ligue 1
Thomas Callens,22,"1,82 m",France,Goalkeeper,left,FC Lorient,Ligue 1
Andreaw Gravillon,22,"1,88 m",Guadeloupe  France,Defender - Centre-Back,right,FC Lorient,Ligue 1
Julien Laporte,27,"1,85 m",France,Defender - Centre-Back,right,FC Lorient,Ligue 1
Thomas Fontaine,29,"1,85 m",Madagascar  France,Defender - Centre-Back,left,FC Lorient,Ligue 1
Matthieu Saunier,30,"1,81 m",France,Defender - Centre-Back,right,FC Lorient,Ligue 1
Jérémy Morel,36,"1,72 m",Madagascar  France,Defender - Centre-Back,left,FC Lorient,Ligue 1
Vincent Le Goff,31,"1,77 m",France,Defender - Left-Back,left,FC Lorient,Ligue 1
Houboulang Mendes,22,"1,84 m",France  Guinea-Bissau,Defender - Right-Back,right,FC Lorient,Ligue 1
Jérôme Hergault,34,"1,85 m",France,Defender - Right-Back,right,FC Lorient,Ligue 1
Trevoh Chalobah,21,"1,90 m",England  Sierra Leone,midfield - Defensive Midfield,right,FC Lorient,Ligue 1
Laurent Abergel,27,"1,70 m",France,midfield - Defensive Midfield,right,FC Lorient,Ligue 1
Thomas Monconduit,29,"1,84 m",France,midfield - Defensive Midfield,right,FC Lorient,Ligue 1
Fabien Lemoine,33,"1,75 m",France,midfield - Defensive Midfield,right,FC Lorient,Ligue 1
Franklin Wadja,25,"1,85 m",Cameroon,midfield - Defensive Midfield,right,FC Lorient,Ligue 1
Malamine Doumbouya,20,"1,86 m",France  Guinea,midfield - Defensive Midfield,,FC Lorient B,Ligue 1
Enzo Le Fée,20,"1,70 m",France,midfield - Central Midfield,right,FC Lorient,Ligue 1
Jonathan Delaplace,34,"1,68 m",France,midfield - Central Midfield,right,FC Lorient,Ligue 1
Quentin Boisgard,23,"1,74 m",France,midfield - Attacking Midfield,right,FC Lorient,Ligue 1
Sylvain Marveaux,34,"1,72 m",France  Martinique,midfield - Attacking Midfield,left,FC Lorient,Ligue 1
Yoane Wissa,24,"1,80 m",DR Congo  France,attack - Left Winger,right,FC Lorient,Ligue 1
Armand Laurienté,22,"1,77 m",France  Guadeloupe,attack - Right Winger,right,FC Lorient,Ligue 1
Stéphane Diarra,22,"1,73 m",Cote d'Ivoire  France,attack - Right Winger,left,FC Lorient,Ligue 1
Adrian Grbic,24,"1,88 m",Austria  Croatia,attack - Centre-Forward,both,FC Lorient,Ligue 1
Terem Moffi,21,"1,88 m",Nigeria,attack - Centre-Forward,left,FC Lorient,Ligue 1
Pierre-Yves Hamel,26,"1,89 m",France,attack - Centre-Forward,right,FC Lorient,Ligue 1
Umut Bozok,24,"1,78 m",Turkey  France,attack - Centre-Forward,right,FC Lorient,Ligue 1
Baptiste Reynet,30,"1,85 m",France,Goalkeeper,right,Nîmes Olympique,Ligue 1
Lucas Dias,21,"1,87 m",France  Portugal,Goalkeeper,right,Nîmes Olympique,Ligue 1
Anthony Briancon,26,"1,85 m",France,Defender - Centre-Back,right,Nîmes Olympique,Ligue 1
Pablo Martinez,31,"1,82 m",France  Spain,Defender - Centre-Back,left,Nîmes Olympique,Ligue 1
Loïck Landre,28,"1,82 m",France  Guadeloupe,Defender - Centre-Back,right,Nîmes Olympique,Ligue 1
Kelyan Guessoum,21,"1,77 m",France  Algeria,Defender - Centre-Back,right,Nîmes Olympique,Ligue 1
Birger Meling,26,"1,73 m",Norway,Defender - Left-Back,left,Nîmes Olympique,Ligue 1
Florian Miguel,24,"1,79 m",France  Portugal,Defender - Left-Back,left,Nîmes Olympique,Ligue 1
Patrick Burner,24,"1,70 m",France  Martinique,Defender - Right-Back,right,Nîmes Olympique,Ligue 1
Sofiane Alakouch,22,"1,75 m",France  Morocco,Defender - Right-Back,right,Nîmes Olympique,Ligue 1
Gaëtan Paquiez,26,"1,82 m",France,Defender - Right-Back,left,Nîmes Olympique,Ligue 1
Andrés Cubas,24,"1,66 m",Paraguay  Argentina,midfield - Defensive Midfield,right,Nîmes Olympique,Ligue 1
Sidy Sarr,24,"1,96 m",Senegal,midfield - Defensive Midfield,left,Nîmes Olympique,Ligue 1
Lucas Deaux,32,"1,88 m",France,midfield - Defensive Midfield,right,Nîmes Olympique,Ligue 1
Mattéo Ahlinvi,21,"1,83 m",Benin  France,midfield - Defensive Midfield,left,Nîmes Olympique,Ligue 1
Lamine Fomba,22,"1,87 m",France  Mali,midfield - Central Midfield,right,Nîmes Olympique,Ligue 1
Antoine Valerio,21,"1,85 m",France,midfield - Central Midfield,,Nîmes Olympique,Ligue 1
Zinedine Ferhat,27,"1,80 m",Algeria,midfield - Right Midfield,right,Nîmes Olympique,Ligue 1
Renaud Ripart,27,"1,81 m",France,midfield - Right Midfield,right,Nîmes Olympique,Ligue 1
Lucas Buades,23,"1,81 m",France,midfield - Right Midfield,right,Nîmes Olympique,Ligue 1
Niclas Eliasson,25,"1,78 m",Sweden  Brazil,midfield - Left Midfield,left,Nîmes Olympique,Ligue 1
Haris Duljevic,27,"1,85 m",Bosnia-Herzegovina,midfield - Left Midfield,right,Nîmes Olympique,Ligue 1
Yassine Benrahou,21,"1,70 m",Morocco  France,midfield - Attacking Midfield,right,Nîmes Olympique,Ligue 1
Moussa Koné,24,"1,75 m",Senegal,attack - Centre-Forward,right,Nîmes Olympique,Ligue 1
Nolan Roux,32,"1,82 m",France,attack - Centre-Forward,right,Nîmes Olympique,Ligue 1
Karim Aribi,26,"1,92 m",Algeria,attack - Centre-Forward,right,Nîmes Olympique,Ligue 1
Clément Depres,26,"1,88 m",France,attack - Centre-Forward,right,Nîmes Olympique,Ligue 1
Sami Ben Amar,22,"1,85 m",Morocco  France,attack - Centre-Forward,right,Nîmes Olympique,Ligue 1
