name,age,height,citizenship,position,foot,current club,18/19 games,18/19 goals,18/19 assists,18/19 minutes,19/20 games,19/20 goals,19/20 assists,19/20 minutes,20/21 games,20/21 goals,20/21 assists,20/21 minutes,current league
Manuel Neuer,34,193.0,Germany,Goalkeeper,right,Bayern Munich,38.0,0.0,3383.0,0.0,51.0,0.0,4590.0,0.0,16.0,0.0,1470.0,0.0,Bundesliga
Sven Ulreich,32,192.0,Germany,Goalkeeper,right,Hamburger SV,12.0,0.0,1057.0,0.0,1.0,0.0,90.0,0.0,8.0,0.0,720.0,0.0,Bundesliga
Christian Früchtl,20,193.0,Germany,Goalkeeper,left,1.FC Nuremberg,23.0,0.0,2070.0,0.0,27.0,0.0,2430.0,0.0,0.0,0.0,0.0,0.0,Bundesliga
Ron-Thorben Hoffmann,21,192.0,Germany,Goalkeeper,right,Bayern Munich,17.0,0.0,1530.0,0.0,11.0,0.0,990.0,0.0,11.0,0.0,990.0,0.0,Bundesliga
David Alaba,28,180.0,Austria,Defender - Centre-Back,left,Bayern Munich,43.0,3.0,3631.0,0.0,42.0,2.0,3693.0,0.0,15.0,1.0,1293.0,0.0,Bundesliga
Niklas Süle,25,195.0,Germany,Defender - Centre-Back,right,Bayern Munich,42.0,2.0,3507.0,0.0,16.0,0.0,1151.0,0.0,12.0,0.0,918.0,0.0,Bundesliga
Jérôme Boateng,32,190.0,Germany,Defender - Centre-Back,right,Bayern Munich,28.0,0.0,2419.0,0.0,38.0,0.0,2806.0,0.0,13.0,1.0,1023.0,0.0,Bundesliga
Lars Lukas Mai,20,190.0,Germany,Defender - Centre-Back,right,SV Darmstadt 98,35.0,4.0,3094.0,0.0,26.0,1.0,2253.0,0.0,11.0,0.0,1020.0,0.0,Bundesliga
Chris Richards,20,188.0,United States,Defender - Centre-Back,both,FC Bayern Munich II,29.0,2.0,2449.0,0.0,31.0,4.0,2684.0,0.0,10.0,0.0,569.0,0.0,Bundesliga
Bright Arrey-Mbi,17,187.0,Germany  England,Defender - Centre-Back,left,FC Bayern Munich II,7.0,0.0,630.0,0.0,24.0,3.0,1986.0,0.0,6.0,0.0,426.0,0.0,Bundesliga
Lucas Hernández,24,182.0,France  Spain,Defender - Left-Back,left,Bayern Munich,22.0,1.0,1770.0,0.0,25.0,0.0,1119.0,0.0,14.0,1.0,1075.0,0.0,Bundesliga
Alphonso Davies,20,183.0,Canada  Liberia,Defender - Left-Back,left,Bayern Munich,11.0,1.0,524.0,0.0,46.0,3.0,3676.0,0.0,8.0,0.0,390.0,0.0,Bundesliga
Benjamin Pavard,24,186.0,France,Defender - Right-Back,right,Bayern Munich,31.0,0.0,2786.0,0.0,47.0,4.0,3978.0,0.0,14.0,0.0,1118.0,0.0,Bundesliga
Álvaro Odriozola,24,176.0,Spain,Defender - Right-Back,right,Real Madrid,22.0,1.0,1856.0,0.0,10.0,0.0,613.0,0.0,1.0,0.0,57.0,0.0,Bundesliga
Joshua Kimmich,25,177.0,Germany,Midfielder - Defensive Midfield,right,Bayern Munich,48.0,2.0,4281.0,0.0,51.0,7.0,4354.0,0.0,11.0,3.0,941.0,0.0,Bundesliga
Javi Martínez,32,189.0,Spain,Midfielder - Defensive Midfield,right,Bayern Munich,33.0,4.0,2257.0,0.0,24.0,0.0,1015.0,0.0,16.0,1.0,603.0,0.0,Bundesliga
Paul Will,21,185.0,Germany,Midfielder - Defensive Midfield,left,SG Dynamo Dresden,18.0,1.0,1349.0,0.0,22.0,0.0,1244.0,0.0,11.0,0.0,850.0,0.0,Bundesliga
Thiago,29,174.0,Spain  Brazil,Midfielder - Central Midfield,right,Liverpool FC,42.0,3.0,3426.0,0.0,40.0,3.0,2975.0,0.0,2.0,0.0,134.0,0.0,Bundesliga
Leon Goretzka,25,189.0,Germany,Midfielder - Central Midfield,right,Bayern Munich,42.0,9.0,2720.0,0.0,38.0,8.0,2474.0,0.0,13.0,4.0,987.0,0.0,Bundesliga
Corentin Tolisso,26,181.0,France  Togo,Midfielder - Central Midfield,right,Bayern Munich,4.0,1.0,81.0,0.0,28.0,4.0,1396.0,0.0,11.0,2.0,743.0,0.0,Bundesliga
Renato Sanches,23,176.0,Portugal  Sao Tome and Principe,Midfielder - Central Midfield,right,LOSC Lille,24.0,2.0,782.0,0.0,33.0,4.0,2060.0,0.0,10.0,1.0,704.0,0.0,Bundesliga
Michaël Cuisance,21,181.0,France,Midfielder - Central Midfield,left,Olympique Marseille,14.0,1.0,402.0,0.0,15.0,3.0,672.0,0.0,11.0,0.0,614.0,0.0,Bundesliga
Ryan Johansson,19,186.0,Luxembourg  Sweden,Midfielder - Central Midfield,both,Sevilla Atlético,25.0,1.0,1455.0,0.0,25.0,4.0,1213.0,0.0,7.0,0.0,530.0,0.0,Bundesliga
Philippe Coutinho,28,172.0,Brazil  Portugal,Midfielder - Attacking Midfield,right,FC Barcelona,54.0,11.0,3345.0,0.0,38.0,11.0,2145.0,0.0,10.0,3.0,610.0,0.0,Bundesliga
Sarpreet Singh,21,175.0,New Zealand  India,Midfielder - Attacking Midfield,left,1.FC Nuremberg,28.0,5.0,2211.0,0.0,24.0,7.0,1721.0,0.0,6.0,0.0,177.0,0.0,Bundesliga
Oliver Batista Meier,19,178.0,Germany  Brazil,Midfielder - Attacking Midfield,right,SC Heerenveen,16.0,4.0,1136.0,0.0,35.0,19.0,2389.0,0.0,8.0,1.0,511.0,0.0,Bundesliga
Jamal Musiala,17,180.0,England  Germany,Midfielder - Attacking Midfield,right,Bayern Munich,2.0,0.0,149.0,0.0,29.0,8.0,1656.0,0.0,13.0,3.0,538.0,0.0,Bundesliga
Kingsley Coman,24,180.0,France  Guadeloupe,Forward - Left Winger,right,Bayern Munich,30.0,10.0,1928.0,0.0,38.0,8.0,2434.0,0.0,12.0,5.0,809.0,0.0,Bundesliga
Ivan Perisic,31,187.0,Croatia,Forward - Left Winger,both,Inter Milan,45.0,9.0,3631.0,0.0,35.0,8.0,1756.0,0.0,15.0,2.0,837.0,0.0,Bundesliga
Leon Dajaku,19,180.0,Germany  Kosovo,Forward - Left Winger,right,FC Bayern Munich II,34.0,17.0,2423.0,0.0,33.0,6.0,1935.0,0.0,12.0,3.0,850.0,0.0,Bundesliga
Serge Gnabry,25,176.0,Germany  Cote d'Ivoire,Forward - Right Winger,right,Bayern Munich,42.0,13.0,2541.0,0.0,46.0,23.0,3346.0,0.0,15.0,4.0,1001.0,0.0,Bundesliga
"Woo-yeong Jeong,21,179.0,""Korea, South"",Forward - Right Winger,right,SC Freiburg,33.0,13.0,2529.0,0.0,22.0,3.0,1585.0,0.0,8.0,0.0,282.0,0.0,Bundesliga"
Thomas Müller,31,185.0,Germany,Forward - Second Striker,right,Bayern Munich,45.0,9.0,3251.0,0.0,50.0,14.0,3499.0,0.0,18.0,9.0,1478.0,0.0,Bundesliga
Robert Lewandowski,32,185.0,Poland,Forward - Centre-Forward,right,Bayern Munich,47.0,40.0,4179.0,0.0,47.0,55.0,4133.0,0.0,15.0,15.0,1283.0,0.0,Bundesliga
Joshua Zirkzee,19,193.0,Netherlands  Nigeria,Forward - Centre-Forward,right,Bayern Munich,34.0,22.0,2439.0,0.0,34.0,12.0,1692.0,0.0,8.0,0.0,365.0,0.0,Bundesliga
Fiete Arp,20,184.0,Germany,Forward - Centre-Forward,right,FC Bayern Munich II,27.0,5.0,1345.0,0.0,12.0,3.0,495.0,0.0,13.0,2.0,971.0,0.0,Bundesliga
Kwasi Okyere Wriedt,26,188.0,Ghana  Germany,Forward - Centre-Forward,left,Willem II Tilburg,36.0,26.0,3203.0,0.0,34.0,24.0,2928.0,0.0,1.0,0.0,44.0,0.0,Bundesliga
Malik Tillman,18,186.0,Germany  United States,Forward - Centre-Forward,right,FC Bayern Munich II,26.0,13.0,2097.0,0.0,34.0,21.0,2559.0,0.0,2.0,0.0,104.0,0.0,Bundesliga
Roman Bürki,30,187.0,Switzerland,Goalkeeper,right,Borussia Dortmund,40.0,0.0,3660.0,0.0,39.0,0.0,3490.0,0.0,12.0,0.0,1080.0,0.0,Bundesliga
Marwin Hitz,33,194.0,Switzerland,Goalkeeper,right,Borussia Dortmund,4.0,0.0,420.0,0.0,8.0,0.0,650.0,0.0,6.0,0.0,540.0,0.0,Bundesliga
Luca Unbehaun,19,185.0,Germany,Goalkeeper,right,Borussia Dortmund,30.0,0.0,2703.0,0.0,17.0,0.0,1530.0,0.0,6.0,0.0,540.0,0.0,Bundesliga
Eric Oelschlägel,25,193.0,Germany,Goalkeeper,right,FC Utrecht,29.0,0.0,2640.0,0.0,15.0,0.0,1305.0,0.0,1.0,0.0,90.0,0.0,Bundesliga
Jonas Hupe,21,200.0,Germany,Goalkeeper,right,Bonner SC,0.0,0.0,0.0,0.0,0.0,0.0,0.0,0.0,11.0,0.0,990.0,0.0,Bundesliga
Dan-Axel Zagadou,21,196.0,France  Cote d'Ivoire,Defender - Centre-Back,left,Borussia Dortmund,23.0,2.0,1853.0,0.0,22.0,1.0,1418.0,0.0,2.0,0.0,108.0,0.0,Bundesliga
Mats Hummels,31,191.0,Germany,Defender - Centre-Back,right,Borussia Dortmund,33.0,2.0,2849.0,0.0,41.0,1.0,3483.0,0.0,17.0,3.0,1494.0,0.0,Bundesliga
Manuel Akanji,25,187.0,Switzerland  Nigeria,Defender - Centre-Back,right,Borussia Dortmund,31.0,1.0,2775.0,0.0,39.0,0.0,3190.0,0.0,14.0,1.0,1260.0,0.0,Bundesliga
Leonardo Balerdi,21,187.0,Argentina,Defender - Centre-Back,right,Olympique Marseille,9.0,1.0,810.0,0.0,16.0,0.0,855.0,0.0,6.0,1.0,475.0,0.0,Bundesliga
Ömer Toprak,31,187.0,Turkey  Germany,Defender - Centre-Back,right,SV Werder Bremen,14.0,0.0,770.0,0.0,13.0,0.0,898.0,0.0,7.0,0.0,467.0,0.0,Bundesliga
Marco Rente,23,185.0,Germany,Defender - Centre-Back,right,Heracles Almelo,24.0,3.0,1920.0,0.0,22.0,0.0,1980.0,0.0,9.0,0.0,541.0,0.0,Bundesliga
Nico Schulz,27,180.0,Germany  Italy,Defender - Left-Back,left,Borussia Dortmund,37.0,2.0,3139.0,0.0,18.0,1.0,1164.0,0.0,6.0,0.0,242.0,0.0,Bundesliga
Marcel Schmelzer,32,180.0,Germany,Defender - Left-Back,left,Borussia Dortmund,13.0,0.0,877.0,0.0,8.0,1.0,59.0,0.0,,,,,Bundesliga
Lukasz Piszczek,35,184.0,Poland,Defender - Right-Back,right,Borussia Dortmund,26.0,1.0,2329.0,0.0,38.0,1.0,2731.0,0.0,8.0,1.0,312.0,0.0,Bundesliga
Mateu Morey Bauzà,20,173.0,Spain,Defender - Right-Back,right,Borussia Dortmund,,,,,16.0,0.0,1046.0,0.0,5.0,0.0,213.0,0.0,Bundesliga
Emre Can,26,186.0,Germany  Turkey,Midfielder - Defensive Midfield,right,Borussia Dortmund,37.0,4.0,2255.0,0.0,23.0,2.0,1415.0,0.0,11.0,1.0,904.0,0.0,Bundesliga
Axel Witsel,31,188.0,Belgium  Martinique,Midfielder - Defensive Midfield,right,Borussia Dortmund,43.0,6.0,3703.0,0.0,39.0,4.0,3216.0,0.0,16.0,1.0,1192.0,0.0,Bundesliga
Julian Weigl,25,186.0,Germany,Midfielder - Defensive Midfield,right,SL Benfica,25.0,1.0,2073.0,0.0,41.0,2.0,3250.0,0.0,12.0,1.0,510.0,0.0,Bundesliga
Tobias Raschl,20,177.0,Germany,Midfielder - Defensive Midfield,right,Borussia Dortmund,30.0,6.0,2540.0,0.0,23.0,4.0,1867.0,0.0,5.0,2.0,295.0,0.0,Bundesliga
Thomas Delaney,29,182.0,Denmark  United States,Midfielder - Central Midfield,left,Borussia Dortmund,38.0,3.0,2760.0,0.0,14.0,0.0,1079.0,0.0,13.0,0.0,809.0,0.0,Bundesliga
Mahmoud Dahoud,24,178.0,Germany  Syria,Midfielder - Central Midfield,right,Borussia Dortmund,22.0,1.0,1234.0,0.0,14.0,0.0,584.0,0.0,8.0,0.0,507.0,0.0,Bundesliga
Taylan Duman,23,180.0,Germany  Turkey,Midfielder - Central Midfield,right,Borussia Dortmund II,28.0,8.0,2277.0,0.0,19.0,5.0,1392.0,0.0,14.0,9.0,1217.0,0.0,Bundesliga
Achraf Hakimi,22,181.0,Morocco  Spain,Midfielder - Right Midfield,right,Inter Milan,28.0,3.0,2379.0,0.0,45.0,9.0,3571.0,0.0,14.0,3.0,847.0,0.0,Bundesliga
Raphaël Guerreiro,26,170.0,Portugal  France,Midfielder - Left Midfield,left,Borussia Dortmund,32.0,6.0,2036.0,0.0,38.0,8.0,2962.0,0.0,12.0,2.0,850.0,0.0,Bundesliga
Julian Brandt,24,185.0,Germany,Midfielder - Attacking Midfield,right,Borussia Dortmund,43.0,10.0,3337.0,0.0,42.0,7.0,2876.0,0.0,18.0,1.0,848.0,0.0,Bundesliga
Marco Reus,31,180.0,Germany,Midfielder - Attacking Midfield,right,Borussia Dortmund,36.0,21.0,3053.0,0.0,26.0,12.0,2120.0,0.0,17.0,3.0,933.0,0.0,Bundesliga
Giovanni Reyna,18,185.0,United States  Portugal,Midfielder - Attacking Midfield,right,Borussia Dortmund,,,,,34.0,9.0,1789.0,0.0,18.0,3.0,1103.0,0.0,Bundesliga
Mario Götze,28,176.0,Germany,Midfielder - Attacking Midfield,right,PSV Eindhoven,34.0,7.0,2266.0,0.0,21.0,3.0,609.0,0.0,9.0,4.0,679.0,0.0,Bundesliga
Immanuel Pherai,19,,Netherlands  Suriname,Midfielder - Attacking Midfield,right,PEC Zwolle,35.0,8.0,2571.0,0.0,18.0,2.0,1512.0,0.0,9.0,1.0,681.0,0.0,Bundesliga
Thorgan Hazard,27,175.0,Belgium,Forward - Left Winger,right,Borussia Dortmund,35.0,13.0,3058.0,0.0,43.0,7.0,3095.0,0.0,11.0,3.0,616.0,0.0,Bundesliga
Jacob Bruun Larsen,22,183.0,Denmark,Forward - Left Winger,right,TSG 1899 Hoffenheim,30.0,3.0,1476.0,0.0,21.0,0.0,619.0,0.0,3.0,0.0,101.0,0.0,Bundesliga
Chris Führich,22,178.0,Germany,Forward - Left Winger,right,SC Paderborn 07,33.0,5.0,2801.0,0.0,24.0,8.0,2031.0,0.0,11.0,5.0,737.0,0.0,Bundesliga
Jadon Sancho,20,180.0,England,Forward - Right Winger,right,Borussia Dortmund,43.0,13.0,2967.0,0.0,44.0,20.0,3274.0,0.0,14.0,3.0,994.0,0.0,Bundesliga
Marius Wolf,25,187.0,Germany,Forward - Right Winger,right,1. FC Köln,22.0,1.0,1258.0,0.0,24.0,1.0,1615.0,0.0,8.0,0.0,661.0,0.0,Bundesliga
Alaa Bakir,19,179.0,Germany  Jordan,Forward - Right Winger,right,Borussia Dortmund II,35.0,9.0,2335.0,0.0,26.0,11.0,1958.0,0.0,15.0,2.0,678.0,0.0,Bundesliga
Erling Haaland,20,194.0,Norway,Forward - Centre-Forward,left,Borussia Dortmund,10.0,5.0,555.0,0.0,40.0,44.0,2751.0,0.0,14.0,17.0,1121.0,0.0,Bundesliga
Paco Alcácer,27,175.0,Spain,Forward - Centre-Forward,right,Villarreal CF,32.0,19.0,1664.0,0.0,29.0,11.0,1773.0,0.0,12.0,9.0,754.0,0.0,Bundesliga
Péter Gulácsi,30,190.0,Hungary,Goalkeeper,right,RB Leipzig,40.0,0.0,3585.0,0.0,42.0,0.0,3754.0,0.0,17.0,0.0,1530.0,0.0,Bundesliga
Yvon Mvogo,26,186.0,Switzerland  Cameroon,Goalkeeper,right,PSV Eindhoven,12.0,0.0,1034.0,0.0,6.0,0.0,476.0,0.0,17.0,0.0,1530.0,0.0,Bundesliga
Philipp Tschauner,35,196.0,Germany,Goalkeeper,right,RB Leipzig,20.0,0.0,1800.0,0.0,0.0,0.0,0.0,0.0,0.0,0.0,0.0,0.0,Bundesliga
Tim Schreiber,18,191.0,Germany,Goalkeeper,right,RB Leipzig,24.0,0.0,1920.0,0.0,15.0,0.0,1350.0,0.0,4.0,0.0,298.0,0.0,Bundesliga
Dayot Upamecano,22,186.0,France  Guinea-Bissau,Defender - Centre-Back,right,RB Leipzig,22.0,0.0,1852.0,0.0,38.0,0.0,3182.0,0.0,15.0,1.0,1209.0,0.0,Bundesliga
Ibrahima Konaté,21,194.0,France  Mali,Defender - Centre-Back,right,RB Leipzig,43.0,3.0,3666.0,0.0,11.0,0.0,771.0,0.0,11.0,1.0,789.0,0.0,Bundesliga
Lukas Klostermann,24,189.0,Germany,Defender - Centre-Back,right,RB Leipzig,40.0,5.0,2965.0,0.0,43.0,4.0,3634.0,0.0,5.0,0.0,334.0,0.0,Bundesliga
Willi Orban,28,186.0,Hungary  Germany,Defender - Centre-Back,right,RB Leipzig,39.0,4.0,3382.0,0.0,18.0,1.0,1247.0,0.0,14.0,1.0,865.0,0.0,Bundesliga
Ethan Ampadu,20,182.0,Wales  England,Defender - Centre-Back,right,Sheffield United,12.0,0.0,823.0,0.0,7.0,0.0,277.0,0.0,6.0,0.0,456.0,0.0,Bundesliga
Frederik Jäkel,19,193.0,Germany,Defender - Centre-Back,right,KV Oostende,25.0,1.0,2280.0,0.0,19.0,1.0,1566.0,0.0,0.0,0.0,0.0,0.0,Bundesliga
Malik Talabidi,19,184.0,Germany  Togo,Defender - Centre-Back,right,FC Wil 1900,27.0,4.0,2270.0,0.0,21.0,0.0,1632.0,0.0,9.0,0.0,811.0,0.0,Bundesliga
Angeliño,23,171.0,Spain,Defender - Left-Back,left,RB Leipzig,43.0,1.0,3890.0,0.0,31.0,1.0,2527.0,0.0,17.0,7.0,1520.0,0.0,Bundesliga
Marcel Halstenberg,29,188.0,Germany,Defender - Left-Back,left,RB Leipzig,37.0,4.0,3098.0,0.0,38.0,3.0,3217.0,0.0,8.0,1.0,570.0,0.0,Bundesliga
Marcelo Saracchi,22,172.0,Uruguay,Defender - Left-Back,left,Galatasaray SK,20.0,0.0,1431.0,0.0,22.0,3.0,1511.0,0.0,7.0,0.0,544.0,0.0,Bundesliga
Nordi Mukiele,23,187.0,France  DR Congo,Defender - Right-Back,right,RB Leipzig,31.0,1.0,1901.0,0.0,37.0,3.0,2659.0,0.0,13.0,1.0,913.0,0.0,Bundesliga
Diego Demme,29,170.0,Germany  Italy,Midfielder - Defensive Midfield,right,SSC Napoli,39.0,0.0,2961.0,0.0,46.0,2.0,3170.0,0.0,10.0,2.0,554.0,0.0,Bundesliga
Tyler Adams,21,176.0,United States,Midfielder - Defensive Midfield,right,RB Leipzig,12.0,0.0,876.0,0.0,17.0,1.0,1033.0,0.0,12.0,0.0,743.0,0.0,Bundesliga
Stefan Ilsanker,31,189.0,Austria,Midfielder - Defensive Midfield,right,Eintracht Frankfurt,34.0,0.0,1900.0,0.0,25.0,2.0,1702.0,0.0,11.0,0.0,695.0,0.0,Bundesliga
Tom Krauß,19,182.0,Germany,Midfielder - Defensive Midfield,right,1.FC Nuremberg,30.0,10.0,2614.0,0.0,19.0,6.0,1503.0,0.0,11.0,0.0,783.0,0.0,Bundesliga
Konrad Laimer,23,180.0,Austria,Midfielder - Central Midfield,right,RB Leipzig,43.0,2.0,2956.0,0.0,42.0,4.0,3060.0,0.0,,,,,Bundesliga
Kevin Kampl,30,178.0,Slovenia,Midfielder - Central Midfield,right,RB Leipzig,40.0,3.0,3160.0,0.0,15.0,2.0,965.0,0.0,15.0,0.0,895.0,0.0,Bundesliga
Amadou Haidara,22,175.0,Mali,Midfielder - Central Midfield,right,RB Leipzig,33.0,4.0,1973.0,0.0,28.0,0.0,1091.0,0.0,13.0,3.0,989.0,0.0,Bundesliga
Mads Bidstrup,19,,Denmark,Midfielder - Central Midfield,right,Brentford FC B,26.0,2.0,2076.0,0.0,13.0,4.0,761.0,0.0,,,,,Bundesliga
Dani Olmo,22,179.0,Spain,Midfielder - Attacking Midfield,right,RB Leipzig,44.0,12.0,3301.0,0.0,37.0,13.0,2684.0,0.0,17.0,1.0,1070.0,0.0,Bundesliga
Christopher Nkunku,23,175.0,France  DR Congo,Midfielder - Attacking Midfield,right,RB Leipzig,29.0,4.0,1503.0,0.0,44.0,5.0,2598.0,0.0,16.0,3.0,1085.0,0.0,Bundesliga
Hannes Wolf,21,179.0,Austria,Midfielder - Attacking Midfield,left,Borussia Mönchengladbach,40.0,11.0,2730.0,0.0,5.0,0.0,53.0,0.0,15.0,2.0,537.0,0.0,Bundesliga
Joscha Wosz,18,173.0,Germany,Midfielder - Attacking Midfield,,RasenBallsport Leipzig U19,23.0,15.0,1762.0,0.0,28.0,6.0,1651.0,0.0,4.0,2.0,277.0,0.0,Bundesliga
Emil Forsberg,29,179.0,Sweden,Forward - Left Winger,right,RB Leipzig,29.0,7.0,1753.0,0.0,32.0,10.0,1751.0,0.0,17.0,4.0,1017.0,0.0,Bundesliga
Ademola Lookman,23,174.0,England  Nigeria,Forward - Left Winger,right,Fulham FC,24.0,1.0,830.0,0.0,13.0,0.0,377.0,0.0,9.0,2.0,697.0,0.0,Bundesliga
Marcel Sabitzer,26,177.0,Austria,Forward - Right Winger,right,RB Leipzig,43.0,5.0,3287.0,0.0,44.0,16.0,3558.0,0.0,12.0,2.0,815.0,0.0,Bundesliga
Fabrice Hartmann,19,178.0,Germany,Forward - Right Winger,left,RB Leipzig,27.0,15.0,1878.0,0.0,24.0,5.0,1661.0,0.0,,,,,Bundesliga
Matheus Cunha,21,184.0,Brazil,Forward - Second Striker,right,Hertha BSC,39.0,9.0,1952.0,0.0,24.0,5.0,1103.0,0.0,11.0,7.0,990.0,0.0,Bundesliga
Timo Werner,24,181.0,Germany,Forward - Centre-Forward,right,Chelsea FC,37.0,19.0,3101.0,0.0,45.0,34.0,3589.0,0.0,18.0,8.0,1410.0,0.0,Bundesliga
Yussuf Poulsen,26,192.0,Denmark  Tanzania,Forward - Centre-Forward,right,RB Leipzig,45.0,19.0,3321.0,0.0,33.0,5.0,2061.0,0.0,15.0,5.0,845.0,0.0,Bundesliga
Patrik Schick,24,187.0,Czech Republic,Forward - Centre-Forward,left,Bayer 04 Leverkusen,32.0,5.0,1745.0,0.0,28.0,10.0,1628.0,0.0,9.0,4.0,484.0,0.0,Bundesliga
Jean-Kévin Augustin,23,180.0,France  Haiti,Forward - Centre-Forward,right,FC Nantes,30.0,8.0,1369.0,0.0,16.0,1.0,580.0,0.0,3.0,0.0,33.0,0.0,Bundesliga
Dennis Borkowski,18,184.0,Germany,Forward - Centre-Forward,right,RB Leipzig,22.0,19.0,1594.0,0.0,24.0,11.0,1803.0,0.0,3.0,2.0,175.0,0.0,Bundesliga
Hugo Novoa,17,182.0,Spain,Forward - Centre-Forward,right,RasenBallsport Leipzig U19,,,,,20.0,5.0,1214.0,0.0,5.0,1.0,342.0,0.0,Bundesliga
Lukas Hradecky,31,192.0,Finland  Slovakia,Goalkeeper,right,Bayer 04 Leverkusen,40.0,0.0,3600.0,0.0,50.0,0.0,4500.0,0.0,16.0,0.0,1440.0,0.0,Bundesliga
Ramazan Özcan,36,185.0,Austria,Goalkeeper,left,Retired,4.0,0.0,360.0,0.0,1.0,0.0,90.0,0.0,,,,,Bundesliga
Niklas Lomb,27,186.0,Germany,Goalkeeper,right,Bayer 04 Leverkusen,14.0,0.0,1260.0,0.0,0.0,0.0,0.0,0.0,0.0,0.0,0.0,0.0,Bundesliga
Jonathan Tah,24,195.0,Germany  Cote d'Ivoire,Defender - Centre-Back,right,Bayer 04 Leverkusen,38.0,3.0,3389.0,0.0,39.0,0.0,3136.0,0.0,10.0,1.0,696.0,0.0,Bundesliga
Edmond Tapsoba,21,194.0,Burkina Faso,Defender - Centre-Back,right,Bayer 04 Leverkusen,30.0,7.0,2700.0,0.0,54.0,9.0,4463.0,0.0,11.0,0.0,871.0,0.0,Bundesliga
Panagiotis Retsos,22,186.0,Greece,Defender - Centre-Back,right,AS Saint-Étienne,1.0,0.0,31.0,0.0,7.0,0.0,285.0,0.0,2.0,0.0,138.0,0.0,Bundesliga
Tin Jedvaj,25,188.0,Croatia,Defender - Centre-Back,right,Bayer 04 Leverkusen,21.0,2.0,1470.0,0.0,31.0,2.0,2642.0,0.0,4.0,0.0,258.0,0.0,Bundesliga
Sven Bender,31,186.0,Germany,Defender - Centre-Back,right,Bayer 04 Leverkusen,32.0,0.0,2435.0,0.0,47.0,4.0,3881.0,0.0,10.0,0.0,794.0,0.0,Bundesliga
Aleksandar Dragovic,29,186.0,Austria  Serbia,Defender - Centre-Back,right,Bayer 04 Leverkusen,28.0,2.0,2024.0,0.0,25.0,0.0,1552.0,0.0,12.0,2.0,648.0,0.0,Bundesliga
Wendell,27,176.0,Brazil,Defender - Left-Back,left,Bayer 04 Leverkusen,39.0,2.0,3229.0,0.0,34.0,0.0,2643.0,0.0,8.0,0.0,616.0,0.0,Bundesliga
Daley Sinkgraven,25,179.0,Netherlands,Defender - Left-Back,left,Bayer 04 Leverkusen,11.0,0.0,312.0,0.0,21.0,0.0,1525.0,0.0,11.0,0.0,833.0,0.0,Bundesliga
Mitchell Weiser,26,177.0,Germany,Defender - Right-Back,right,Bayer 04 Leverkusen,41.0,2.0,3056.0,0.0,28.0,1.0,1895.0,0.0,2.0,0.0,51.0,0.0,Bundesliga
Lars Bender,31,185.0,Germany,Defender - Right-Back,right,Bayer 04 Leverkusen,27.0,1.0,1814.0,0.0,28.0,2.0,2043.0,0.0,13.0,1.0,927.0,0.0,Bundesliga
Julian Baumgartlinger,32,184.0,Austria,Midfielder - Defensive Midfield,right,Bayer 04 Leverkusen,27.0,0.0,1955.0,0.0,40.0,2.0,2404.0,0.0,14.0,3.0,862.0,0.0,Bundesliga
Adrian Stanilewicz,20,181.0,Poland  Germany,Midfielder - Defensive Midfield,left,SV Darmstadt 98,27.0,3.0,2342.0,0.0,7.0,0.0,543.0,0.0,4.0,0.0,181.0,0.0,Bundesliga
Ayman Azhil,19,170.0,Morocco  Germany,Midfielder - Defensive Midfield,,RKC Waalwijk,25.0,2.0,2124.0,0.0,27.0,5.0,2430.0,0.0,6.0,0.0,290.0,0.0,Bundesliga
Kerem Demirbay,27,183.0,Germany  Turkey,Midfielder - Central Midfield,left,Bayer 04 Leverkusen,32.0,4.0,2481.0,0.0,40.0,2.0,2725.0,0.0,12.0,2.0,859.0,0.0,Bundesliga
Exequiel Palacios,22,177.0,Argentina,Midfielder - Central Midfield,right,Bayer 04 Leverkusen,37.0,3.0,2520.0,0.0,22.0,1.0,1504.0,0.0,6.0,0.0,267.0,0.0,Bundesliga
Charles Aránguiz,31,171.0,Chile,Midfielder - Central Midfield,right,Bayer 04 Leverkusen,29.0,3.0,2289.0,0.0,39.0,3.0,3112.0,0.0,5.0,1.0,388.0,0.0,Bundesliga
Kai Havertz,21,189.0,Germany,Midfielder - Attacking Midfield,left,Chelsea FC,42.0,20.0,3505.0,0.0,45.0,18.0,3797.0,0.0,15.0,4.0,1027.0,0.0,Bundesliga
Nadiem Amiri,24,180.0,Germany  Afghanistan,Midfielder - Attacking Midfield,right,Bayer 04 Leverkusen,15.0,3.0,859.0,0.0,42.0,1.0,2561.0,0.0,15.0,4.0,986.0,0.0,Bundesliga
Florian Wirtz,17,175.0,Germany,Midfielder - Attacking Midfield,right,Bayer 04 Leverkusen,14.0,4.0,1034.0,0.0,23.0,11.0,1440.0,0.0,15.0,3.0,1062.0,0.0,Bundesliga
Moussa Diaby,21,170.0,France  Mali,Forward - Left Winger,left,Bayer 04 Leverkusen,34.0,4.0,1526.0,0.0,39.0,8.0,2551.0,0.0,16.0,3.0,1236.0,0.0,Bundesliga
Paulinho,20,177.0,Brazil,Forward - Left Winger,right,Bayer 04 Leverkusen,21.0,1.0,505.0,0.0,19.0,3.0,447.0,0.0,,,,,Bundesliga
Leon Bailey,23,178.0,Jamaica,Forward - Right Winger,left,Bayer 04 Leverkusen,39.0,5.0,2553.0,0.0,33.0,7.0,1465.0,0.0,14.0,5.0,968.0,0.0,Bundesliga
Karim Bellarabi,30,184.0,Germany  Morocco,Forward - Right Winger,right,Bayer 04 Leverkusen,24.0,9.0,1428.0,0.0,39.0,6.0,2233.0,0.0,14.0,2.0,597.0,0.0,Bundesliga
Kevin Volland,28,179.0,Germany,Forward - Centre-Forward,left,AS Monaco,42.0,15.0,3375.0,0.0,40.0,12.0,3017.0,0.0,11.0,5.0,778.0,0.0,Bundesliga
Lucas Alario,28,185.0,Argentina  Italy,Forward - Centre-Forward,right,Bayer 04 Leverkusen,36.0,14.0,1828.0,0.0,36.0,12.0,1911.0,0.0,12.0,10.0,773.0,0.0,Bundesliga
Joel Pohjanpalo,26,186.0,Finland,Forward - Centre-Forward,right,1.FC Union Berlin,,,,,15.0,9.0,909.0,0.0,6.0,2.0,255.0,0.0,Bundesliga
Oliver Baumann,30,187.0,Germany,Goalkeeper,right,TSG 1899 Hoffenheim,39.0,0.0,3510.0,0.0,31.0,0.0,2820.0,0.0,15.0,0.0,1380.0,0.0,Bundesliga
Michael Esser,33,198.0,Germany,Goalkeeper,right,Hannover 96,33.0,0.0,2970.0,0.0,1.0,0.0,90.0,0.0,11.0,0.0,990.0,0.0,Bundesliga
Philipp Pentke,35,191.0,Germany,Goalkeeper,right,TSG 1899 Hoffenheim,30.0,0.0,2700.0,0.0,7.0,0.0,660.0,0.0,2.0,0.0,180.0,0.0,Bundesliga
Alexander Stolz,37,189.0,Germany,Goalkeeper,right,Retired,4.0,0.0,360.0,0.0,1.0,0.0,90.0,0.0,,,,,Bundesliga
Stefan Posch,23,188.0,Austria,Defender - Centre-Back,right,TSG 1899 Hoffenheim,24.0,2.0,2034.0,0.0,30.0,0.0,2526.0,0.0,11.0,0.0,895.0,0.0,Bundesliga
Kevin Vogt,29,194.0,Germany,Defender - Centre-Back,right,TSG 1899 Hoffenheim,34.0,0.0,2934.0,0.0,29.0,0.0,2453.0,0.0,13.0,0.0,1155.0,0.0,Bundesliga
Benjamin Hübner,31,193.0,Germany,Defender - Centre-Back,left,TSG 1899 Hoffenheim,11.0,0.0,903.0,0.0,27.0,1.0,2285.0,0.0,,,,,Bundesliga
Kevin Akpoguma,25,192.0,Nigeria  Germany,Defender - Centre-Back,right,TSG 1899 Hoffenheim,14.0,0.0,992.0,0.0,20.0,0.0,1346.0,0.0,13.0,0.0,1171.0,0.0,Bundesliga
Ermin Bicakcic,30,185.0,Bosnia-Herzegovina  Germany,Defender - Centre-Back,right,TSG 1899 Hoffenheim,30.0,1.0,2198.0,0.0,22.0,2.0,1289.0,0.0,3.0,1.0,249.0,0.0,Bundesliga
Lucas Ribeiro,21,190.0,Brazil,Defender - Centre-Back,right,Sport Club Internacional,,,,,5.0,1.0,172.0,0.0,,,,,Bundesliga
Havard Nordtveit,30,188.0,Norway,Defender - Centre-Back,right,TSG 1899 Hoffenheim,16.0,1.0,1011.0,0.0,12.0,0.0,818.0,0.0,5.0,0.0,389.0,0.0,Bundesliga
Melayro Bogarde,18,184.0,Netherlands  Suriname,Defender - Centre-Back,right,TSG 1899 Hoffenheim,25.0,1.0,1817.0,0.0,14.0,0.0,1142.0,0.0,7.0,0.0,627.0,0.0,Bundesliga
Konstantinos Stafylidis,27,178.0,Greece,Defender - Left-Back,left,TSG 1899 Hoffenheim,14.0,0.0,979.0,0.0,7.0,1.0,397.0,0.0,,,,,Bundesliga
Pavel Kaderabek,28,182.0,Czech Republic,Defender - Right-Back,right,TSG 1899 Hoffenheim,36.0,5.0,3140.0,0.0,33.0,3.0,2776.0,0.0,4.0,0.0,291.0,0.0,Bundesliga
Joshua Brenet,26,181.0,Netherlands  Curacao,Defender - Right-Back,right,TSG 1899 Hoffenheim,18.0,3.0,1158.0,0.0,8.0,0.0,576.0,0.0,2.0,0.0,99.0,0.0,Bundesliga
Diadié Samassékou,24,177.0,Mali,Midfielder - Defensive Midfield,right,TSG 1899 Hoffenheim,45.0,2.0,3934.0,0.0,22.0,0.0,1399.0,0.0,13.0,0.0,970.0,0.0,Bundesliga
Sebastian Rudy,30,180.0,Germany,Midfielder - Defensive Midfield,right,TSG 1899 Hoffenheim,28.0,0.0,1853.0,0.0,35.0,1.0,2993.0,0.0,13.0,0.0,957.0,0.0,Bundesliga
Florian Grillitsch,25,187.0,Austria,Midfielder - Central Midfield,right,TSG 1899 Hoffenheim,36.0,1.0,2810.0,0.0,34.0,1.0,2616.0,0.0,14.0,4.0,852.0,0.0,Bundesliga
Dennis Geiger,22,173.0,Germany,Midfielder - Central Midfield,right,TSG 1899 Hoffenheim,8.0,0.0,558.0,0.0,23.0,0.0,1301.0,0.0,12.0,1.0,815.0,0.0,Bundesliga
Lukas Rupp,29,178.0,Germany,Midfielder - Central Midfield,right,Norwich City,4.0,0.0,238.0,0.0,24.0,0.0,1319.0,0.0,11.0,0.0,854.0,0.0,Bundesliga
Ilay Elmkies,20,172.0,Israel,Midfielder - Central Midfield,,ADO Den Haag,30.0,3.0,2239.0,0.0,16.0,0.0,1169.0,0.0,10.0,0.0,489.0,0.0,Bundesliga
Steven Zuber,29,182.0,Switzerland,Midfielder - Left Midfield,right,Eintracht Frankfurt,28.0,6.0,1862.0,0.0,16.0,2.0,911.0,0.0,8.0,0.0,498.0,0.0,Bundesliga
Christoph Baumgartner,21,180.0,Austria,Midfielder - Attacking Midfield,right,TSG 1899 Hoffenheim,16.0,5.0,1013.0,0.0,32.0,8.0,1918.0,0.0,16.0,3.0,1082.0,0.0,Bundesliga
Leonardo Bittencourt,26,171.0,Germany  Brazil,Midfielder - Attacking Midfield,right,SV Werder Bremen,26.0,1.0,1324.0,0.0,33.0,6.0,2125.0,0.0,11.0,3.0,779.0,0.0,Bundesliga
Robert Zulj,28,189.0,Austria  Croatia,Midfielder - Attacking Midfield,right,VfL Bochum,32.0,4.0,1982.0,0.0,12.0,1.0,704.0,0.0,9.0,6.0,666.0,0.0,Bundesliga
Jacob Bruun Larsen,22,183.0,Denmark,Forward - Left Winger,right,TSG 1899 Hoffenheim,30.0,3.0,1476.0,0.0,21.0,0.0,619.0,0.0,3.0,0.0,101.0,0.0,Bundesliga
Vincenzo Grifo,27,180.0,Italy  Germany,Forward - Left Winger,right,SC Freiburg,26.0,7.0,1881.0,0.0,29.0,4.0,1769.0,0.0,11.0,4.0,804.0,0.0,Bundesliga
Sargis Adamyan,27,184.0,Armenia,Forward - Left Winger,right,TSG 1899 Hoffenheim,34.0,15.0,2879.0,0.0,17.0,7.0,923.0,0.0,9.0,3.0,417.0,0.0,Bundesliga
Robert Skov,24,185.0,Denmark,Forward - Right Winger,left,TSG 1899 Hoffenheim,48.0,32.0,3723.0,0.0,36.0,5.0,2907.0,0.0,12.0,0.0,682.0,0.0,Bundesliga
Ihlas Bebou,26,183.0,Togo  Germany,Forward - Right Winger,right,TSG 1899 Hoffenheim,14.0,5.0,1249.0,0.0,35.0,7.0,2365.0,0.0,13.0,2.0,698.0,0.0,Bundesliga
Chinedu Ekene,21,177.0,Germany  Nigeria,Forward - Right Winger,right,TSG 1899 Hoffenheim II,20.0,3.0,1067.0,0.0,21.0,1.0,1437.0,0.0,10.0,2.0,669.0,0.0,Bundesliga
Andrej Kramaric,29,177.0,Croatia,Forward - Centre-Forward,right,TSG 1899 Hoffenheim,37.0,22.0,2976.0,0.0,20.0,12.0,1509.0,0.0,9.0,10.0,733.0,0.0,Bundesliga
Ishak Belfodil,28,192.0,Algeria  France,Forward - Centre-Forward,right,TSG 1899 Hoffenheim,35.0,17.0,2322.0,0.0,5.0,0.0,269.0,0.0,9.0,1.0,430.0,0.0,Bundesliga
Jürgen Locadia,27,185.0,Netherlands  Curacao,Forward - Centre-Forward,right,FC Cincinnati,34.0,4.0,1730.0,0.0,32.0,6.0,2056.0,0.0,,,,,Bundesliga
Munas Dabbur,28,182.0,Israel,Forward - Centre-Forward,right,TSG 1899 Hoffenheim,48.0,37.0,3664.0,0.0,24.0,9.0,1244.0,0.0,12.0,6.0,708.0,0.0,Bundesliga
Ádám Szalai,33,193.0,Hungary,Forward - Centre-Forward,right,1.FSV Mainz 05,37.0,6.0,2016.0,0.0,28.0,2.0,1212.0,0.0,1.0,1.0,30.0,0.0,Bundesliga
Maximilian Beier,18,183.0,Germany,Forward - Centre-Forward,,TSG 1899 Hoffenheim,27.0,19.0,1423.0,0.0,22.0,11.0,1570.0,0.0,8.0,2.0,487.0,0.0,Bundesliga
Rune Jarstein,36,192.0,Norway,Goalkeeper,right,Hertha BSC,33.0,0.0,2955.0,0.0,31.0,0.0,2788.0,0.0,0.0,0.0,0.0,0.0,Bundesliga
Thomas Kraft,32,187.0,Germany,Goalkeeper,right,Retired,5.0,0.0,434.0,0.0,6.0,0.0,570.0,0.0,,,,,Bundesliga
Dennis Smarsch,21,195.0,Germany,Goalkeeper,both,FC St. Pauli,13.0,0.0,1170.0,0.0,14.0,0.0,1230.0,0.0,1.0,0.0,90.0,0.0,Bundesliga
Luis Klatte,20,188.0,Germany,Goalkeeper,right,FC Hansa Rostock,25.0,0.0,2250.0,0.0,7.0,0.0,630.0,0.0,3.0,0.0,270.0,0.0,Bundesliga
Niklas Stark,25,190.0,Germany,Defender - Centre-Back,right,Hertha BSC,25.0,1.0,2170.0,0.0,24.0,1.0,2065.0,0.0,11.0,0.0,981.0,0.0,Bundesliga
Karim Rekik,26,186.0,Netherlands  Tunisia,Defender - Centre-Back,left,Sevilla FC,27.0,0.0,2370.0,0.0,16.0,1.0,1470.0,0.0,6.0,0.0,370.0,0.0,Bundesliga
Dedryck Boyata,30,188.0,Belgium  DR Congo,Defender - Centre-Back,right,Hertha BSC,32.0,1.0,2794.0,0.0,29.0,4.0,2559.0,0.0,10.0,0.0,900.0,0.0,Bundesliga
Jordan Torunarigha,23,191.0,Germany  Nigeria,Defender - Centre-Back,left,Hertha BSC,17.0,2.0,1350.0,0.0,23.0,2.0,1817.0,0.0,3.0,0.0,270.0,0.0,Bundesliga
Márton Dárdai,18,188.0,Germany  Hungary,Defender - Centre-Back,left,Hertha BSC II,24.0,1.0,1818.0,0.0,12.0,0.0,937.0,0.0,5.0,0.0,285.0,0.0,Bundesliga
Florian Baak,21,191.0,Germany,Defender - Centre-Back,right,FC Winterthur,27.0,5.0,2325.0,0.0,18.0,0.0,1567.0,0.0,14.0,1.0,1260.0,0.0,Bundesliga
Omar Rekik,18,186.0,Tunisia  Netherlands,Defender - Centre-Back,right,Hertha BSC II,31.0,4.0,2686.0,0.0,18.0,1.0,1540.0,0.0,8.0,1.0,689.0,0.0,Bundesliga
Maximilian Mittelstädt,23,180.0,Germany,Defender - Left-Back,left,Hertha BSC,29.0,3.0,2111.0,0.0,28.0,1.0,2024.0,0.0,9.0,0.0,618.0,0.0,Bundesliga
Marvin Plattenhardt,28,181.0,Germany,Defender - Left-Back,left,Hertha BSC,25.0,2.0,2226.0,0.0,19.0,0.0,1587.0,0.0,8.0,0.0,539.0,0.0,Bundesliga
Luca Netz,17,180.0,Germany,Defender - Left-Back,left,Hertha BSC,27.0,5.0,2080.0,0.0,20.0,2.0,1791.0,0.0,4.0,0.0,360.0,0.0,Bundesliga
Lukas Klünter,24,184.0,Germany,Defender - Right-Back,right,Hertha BSC,12.0,0.0,720.0,0.0,24.0,0.0,1905.0,0.0,0.0,0.0,0.0,0.0,Bundesliga
Peter Pekarik,34,177.0,Slovakia,Defender - Right-Back,right,Hertha BSC,4.0,0.0,288.0,0.0,12.0,0.0,1040.0,0.0,11.0,3.0,816.0,0.0,Bundesliga
Arne Maier,21,186.0,Germany,Midfielder - Defensive Midfield,right,Arminia Bielefeld,26.0,0.0,2248.0,0.0,16.0,0.0,722.0,0.0,5.0,0.0,131.0,0.0,Bundesliga
Santiago Ascacíbar,23,168.0,Argentina,Midfielder - Defensive Midfield,right,Hertha BSC,28.0,0.0,2520.0,0.0,24.0,1.0,2099.0,0.0,0.0,0.0,0.0,0.0,Bundesliga
Marko Grujic,24,191.0,Serbia,Midfielder - Central Midfield,right,FC Porto,23.0,5.0,1900.0,0.0,31.0,4.0,2659.0,0.0,9.0,1.0,408.0,0.0,Bundesliga
Eduard Löwen,23,188.0,Germany  Russia,Midfielder - Central Midfield,right,Hertha BSC,23.0,3.0,1669.0,0.0,24.0,2.0,1065.0,0.0,4.0,0.0,29.0,0.0,Bundesliga
Vladimir Darida,30,172.0,Czech Republic,Midfielder - Central Midfield,right,Hertha BSC,13.0,0.0,585.0,0.0,30.0,4.0,2471.0,0.0,11.0,0.0,859.0,0.0,Bundesliga
Per Ciljan Skjelbred,33,175.0,Norway,Midfielder - Central Midfield,right,Rosenborg BK,17.0,0.0,1098.0,0.0,36.0,1.0,2584.0,0.0,3.0,0.0,270.0,0.0,Bundesliga
Sidney Friede,22,188.0,Germany,Midfielder - Central Midfield,right,DAC Dunajska Streda,17.0,3.0,1339.0,0.0,7.0,0.0,439.0,0.0,12.0,3.0,827.0,0.0,Bundesliga
Julian Albrecht,19,182.0,Germany,Midfielder - Central Midfield,right,Hertha BSC II,34.0,5.0,2854.0,0.0,20.0,2.0,1688.0,0.0,6.0,0.0,450.0,0.0,Bundesliga
Ondrej Duda,26,181.0,Slovakia,Midfielder - Attacking Midfield,right,1. FC Köln,35.0,11.0,2865.0,0.0,22.0,1.0,1516.0,0.0,11.0,2.0,831.0,0.0,Bundesliga
Lazar Samardzic,18,184.0,Germany  Serbia,Midfielder - Attacking Midfield,left,RB Leipzig,15.0,16.0,1049.0,0.0,25.0,16.0,1935.0,0.0,3.0,0.0,146.0,0.0,Bundesliga
Javairô Dilrosun,22,175.0,Netherlands  Suriname,Forward - Left Winger,left,Hertha BSC,22.0,2.0,1244.0,0.0,25.0,4.0,1445.0,0.0,5.0,0.0,106.0,0.0,Bundesliga
Salomon Kalou,35,184.0,Cote d'Ivoire,Forward - Left Winger,right,Botafogo de Futebol e Regatas,33.0,8.0,2573.0,0.0,25.0,3.0,1257.0,0.0,,,,,Bundesliga
Maurice Covic,22,175.0,Germany  Croatia,Forward - Left Winger,both,Hertha BSC II,21.0,4.0,1586.0,0.0,9.0,1.0,738.0,0.0,8.0,0.0,720.0,0.0,Bundesliga
Dodi Lukebakio,23,187.0,Belgium  DR Congo,Forward - Right Winger,left,Hertha BSC,34.0,14.0,2170.0,0.0,33.0,8.0,2197.0,0.0,11.0,4.0,861.0,0.0,Bundesliga
Marius Wolf,25,187.0,Germany,Forward - Right Winger,right,1. FC Köln,22.0,1.0,1258.0,0.0,24.0,1.0,1615.0,0.0,8.0,0.0,661.0,0.0,Bundesliga
Mathew Leckie,29,181.0,Australia,Forward - Right Winger,right,Hertha BSC,19.0,2.0,938.0,0.0,10.0,0.0,383.0,0.0,7.0,0.0,163.0,0.0,Bundesliga
Alexander Esswein,30,182.0,Germany,Forward - Right Winger,right,SV Sandhausen,24.0,2.0,1807.0,0.0,10.0,1.0,492.0,0.0,4.0,1.0,174.0,0.0,Bundesliga
Palko Dárdai,21,180.0,Germany  Hungary,Forward - Right Winger,left,Hertha BSC II,21.0,3.0,1212.0,0.0,21.0,7.0,1595.0,0.0,7.0,2.0,629.0,0.0,Bundesliga
Matheus Cunha,21,184.0,Brazil,Forward - Second Striker,right,Hertha BSC,39.0,9.0,1952.0,0.0,24.0,5.0,1103.0,0.0,11.0,7.0,990.0,0.0,Bundesliga
Krzysztof Piatek,25,183.0,Poland,Forward - Centre-Forward,right,Hertha BSC,42.0,30.0,3410.0,0.0,36.0,10.0,2371.0,0.0,10.0,3.0,388.0,0.0,Bundesliga
Davie Selke,25,194.0,Germany,Forward - Centre-Forward,right,SV Werder Bremen,32.0,4.0,1850.0,0.0,34.0,2.0,1615.0,0.0,7.0,2.0,244.0,0.0,Bundesliga
Daishawn Redan,19,176.0,Netherlands  Suriname,Forward - Centre-Forward,right,Hertha BSC,34.0,13.0,2193.0,0.0,16.0,4.0,1054.0,0.0,4.0,1.0,262.0,0.0,Bundesliga
Vedad Ibisevic,36,188.0,Bosnia-Herzegovina  United States,Forward - Centre-Forward,right,FC Schalke 04,31.0,12.0,2001.0,0.0,27.0,9.0,1397.0,0.0,5.0,1.0,217.0,0.0,Bundesliga
Pascal Köpke,25,178.0,Germany,Forward - Centre-Forward,right,1.FC Nuremberg,12.0,1.0,458.0,0.0,6.0,1.0,286.0,0.0,8.0,2.0,322.0,0.0,Bundesliga
Muhammed Kiprit,21,184.0,Turkey  Germany,Forward - Centre-Forward,both,KFC Uerdingen 05,23.0,8.0,1471.0,0.0,21.0,16.0,1532.0,0.0,19.0,7.0,1468.0,0.0,Bundesliga
Jessic Ngankam,20,184.0,Germany  Cameroon,Forward - Centre-Forward,right,Hertha BSC,28.0,29.0,2321.0,0.0,26.0,11.0,1555.0,0.0,8.0,2.0,302.0,0.0,Bundesliga
Yann Sommer,31,183.0,Switzerland,Goalkeeper,right,Borussia Mönchengladbach,35.0,0.0,3150.0,0.0,42.0,0.0,3780.0,0.0,15.0,0.0,1350.0,0.0,Bundesliga
Tobias Sippel,32,180.0,Germany,Goalkeeper,right,Borussia Mönchengladbach,1.0,0.0,90.0,0.0,0.0,0.0,0.0,0.0,1.0,0.0,90.0,0.0,Bundesliga
Max Grün,33,190.0,Germany,Goalkeeper,right,Borussia Mönchengladbach,0.0,0.0,0.0,0.0,3.0,0.0,270.0,0.0,0.0,0.0,0.0,0.0,Bundesliga
Matthias Ginter,26,191.0,Germany,Defender - Centre-Back,right,Borussia Mönchengladbach,29.0,2.0,2560.0,0.0,36.0,1.0,3231.0,0.0,16.0,1.0,1440.0,0.0,Bundesliga
Nico Elvedi,24,189.0,Switzerland,Defender - Centre-Back,right,Borussia Mönchengladbach,31.0,2.0,2715.0,0.0,39.0,1.0,3249.0,0.0,13.0,2.0,1072.0,0.0,Bundesliga
Tony Jantschke,30,177.0,Germany,Defender - Centre-Back,right,Borussia Mönchengladbach,15.0,0.0,1020.0,0.0,19.0,0.0,1128.0,0.0,6.0,0.0,255.0,0.0,Bundesliga
Mamadou Doucouré,22,183.0,France  Senegal,Defender - Centre-Back,left,Borussia Mönchengladbach,2.0,0.0,135.0,0.0,12.0,0.0,501.0,0.0,1.0,0.0,63.0,0.0,Bundesliga
Ramy Bensebaini,25,186.0,Algeria,Defender - Left-Back,left,Borussia Mönchengladbach,39.0,3.0,3292.0,0.0,26.0,5.0,1768.0,0.0,10.0,3.0,806.0,0.0,Bundesliga
Andreas Poulsen,21,188.0,Denmark,Defender - Left-Back,left,Borussia Mönchengladbach,15.0,0.0,1115.0,0.0,10.0,0.0,738.0,0.0,2.0,0.0,107.0,0.0,Bundesliga
Oscar Wendt,35,181.0,Sweden,Defender - Left-Back,left,Borussia Mönchengladbach,34.0,1.0,2878.0,0.0,31.0,2.0,2166.0,0.0,11.0,2.0,755.0,0.0,Bundesliga
Stefan Lainer,28,175.0,Austria,Defender - Right-Back,right,Borussia Mönchengladbach,43.0,1.0,3811.0,0.0,39.0,1.0,3433.0,0.0,16.0,1.0,1266.0,0.0,Bundesliga
Jordan Beyer,20,187.0,Germany,Defender - Right-Back,right,Borussia Mönchengladbach,15.0,0.0,1059.0,0.0,18.0,0.0,1279.0,0.0,2.0,0.0,90.0,0.0,Bundesliga
Michael Lang,29,185.0,Switzerland,Defender - Right-Back,right,Borussia Mönchengladbach,18.0,1.0,1349.0,0.0,10.0,0.0,632.0,0.0,2.0,0.0,52.0,0.0,Bundesliga
Kaan Kurt,18,174.0,Germany  Turkey,Defender - Right-Back,both,Borussia Mönchengladbach,24.0,0.0,2078.0,0.0,25.0,0.0,2028.0,0.0,15.0,0.0,1156.0,0.0,Bundesliga
Denis Zakaria,24,190.0,Switzerland  DR Congo,Midfielder - Defensive Midfield,right,Borussia Mönchengladbach,32.0,4.0,1970.0,0.0,31.0,2.0,2667.0,0.0,5.0,0.0,184.0,0.0,Bundesliga
Christoph Kramer,29,191.0,Germany,Midfielder - Defensive Midfield,right,Borussia Mönchengladbach,19.0,2.0,1227.0,0.0,26.0,0.0,1784.0,0.0,16.0,1.0,1256.0,0.0,Bundesliga
Tobias Strobl,30,188.0,Germany,Midfielder - Defensive Midfield,right,FC Augsburg,30.0,0.0,2385.0,0.0,12.0,0.0,793.0,0.0,11.0,0.0,558.0,0.0,Bundesliga
Florian Neuhaus,23,183.0,Germany,Midfielder - Central Midfield,right,Borussia Mönchengladbach,34.0,4.0,2207.0,0.0,37.0,4.0,2917.0,0.0,16.0,4.0,1282.0,0.0,Bundesliga
Lászlo Bénes,23,181.0,Slovakia,Midfielder - Central Midfield,left,Borussia Mönchengladbach,19.0,2.0,927.0,0.0,28.0,0.0,1256.0,0.0,4.0,0.0,71.0,0.0,Bundesliga
Torben Müsel,21,185.0,Germany,Midfielder - Attacking Midfield,right,Borussia Mönchengladbach,30.0,8.0,2491.0,0.0,2.0,0.0,25.0,0.0,1.0,0.0,85.0,0.0,Bundesliga
Famana Quizera,18,172.0,Portugal  Guinea-Bissau,Midfielder - Attacking Midfield,right,Borussia Mönchengladbach,16.0,11.0,1198.0,0.0,8.0,5.0,638.0,0.0,13.0,2.0,899.0,0.0,Bundesliga
Marcus Thuram,23,192.0,France  Guadeloupe,Forward - Left Winger,right,Borussia Mönchengladbach,38.0,13.0,3027.0,0.0,39.0,14.0,2901.0,0.0,16.0,4.0,951.0,0.0,Bundesliga
Fabian Johnson,32,183.0,United States  Germany,Forward - Left Winger,right,Without Club,18.0,1.0,1008.0,0.0,7.0,0.0,298.0,0.0,,,,,Bundesliga
Keanan Bennetts,21,183.0,England  Germany,Forward - Left Winger,left,Ipswich Town,22.0,1.0,1497.0,0.0,3.0,1.0,149.0,0.0,15.0,0.0,630.0,0.0,Bundesliga
Jonas Hofmann,28,176.0,Germany,Forward - Right Winger,right,Borussia Mönchengladbach,29.0,6.0,2079.0,0.0,29.0,5.0,1944.0,0.0,11.0,4.0,913.0,0.0,Bundesliga
Patrick Herrmann,29,179.0,Germany,Forward - Right Winger,right,Borussia Mönchengladbach,26.0,3.0,1137.0,0.0,33.0,7.0,1669.0,0.0,14.0,2.0,532.0,0.0,Bundesliga
Ibrahima Traoré,32,171.0,Guinea  France,Forward - Right Winger,left,Borussia Mönchengladbach,17.0,0.0,590.0,0.0,7.0,0.0,148.0,0.0,5.0,1.0,49.0,0.0,Bundesliga
Aaron Herzog,22,180.0,Germany,Forward - Right Winger,both,FC Hansa Rostock,25.0,3.0,1296.0,0.0,25.0,2.0,2024.0,0.0,5.0,0.0,369.0,0.0,Bundesliga
Lars Stindl,32,181.0,Germany,Forward - Second Striker,right,Borussia Mönchengladbach,22.0,3.0,1602.0,0.0,30.0,11.0,1712.0,0.0,16.0,6.0,1024.0,0.0,Bundesliga
Raffael,35,174.0,Brazil  Germany,Forward - Second Striker,right,Without Club,14.0,5.0,602.0,0.0,11.0,0.0,122.0,0.0,,,,,Bundesliga
Conor Noss,19,181.0,Ireland  Germany,Forward - Second Striker,,Borussia Mönchengladbach II,22.0,1.0,1110.0,0.0,25.0,3.0,1605.0,0.0,1.0,0.0,18.0,0.0,Bundesliga
Alassane Plea,27,181.0,France  Mali,Forward - Centre-Forward,right,Borussia Mönchengladbach,35.0,15.0,2598.0,0.0,33.0,10.0,2452.0,0.0,13.0,7.0,859.0,0.0,Bundesliga
Breel Embolo,23,187.0,Switzerland  Cameroon,Forward - Centre-Forward,right,Borussia Mönchengladbach,28.0,6.0,1881.0,0.0,34.0,8.0,1901.0,0.0,12.0,2.0,706.0,0.0,Bundesliga
Charalampos Makridis,24,180.0,Germany  Greece,Forward - Centre-Forward,both,SSV Jahn Regensburg,30.0,5.0,2067.0,0.0,25.0,13.0,1830.0,0.0,5.0,0.0,256.0,0.0,Bundesliga
Kevin Trapp,30,189.0,Germany,Goalkeeper,right,Eintracht Frankfurt,45.0,0.0,4048.0,0.0,34.0,0.0,3060.0,0.0,11.0,0.0,990.0,0.0,Bundesliga
Frederik Rönnow,28,190.0,Denmark,Goalkeeper,right,FC Schalke 04,6.0,0.0,512.0,0.0,15.0,0.0,1350.0,0.0,7.0,0.0,584.0,0.0,Bundesliga
Felix Wiedwald,30,190.0,Germany,Goalkeeper,right,FC Emmen,16.0,0.0,1440.0,0.0,6.0,0.0,540.0,0.0,6.0,0.0,540.0,0.0,Bundesliga
Jan Zimmermann,35,190.0,Germany,Goalkeeper,left,Retired,0.0,0.0,0.0,0.0,0.0,0.0,0.0,0.0,,,,,Bundesliga
Elias Bördner,18,186.0,Germany,Goalkeeper,right,Eintracht Frankfurt U19,17.0,0.0,1360.0,0.0,3.0,0.0,270.0,0.0,4.0,0.0,360.0,0.0,Bundesliga
Evan N'Dicka,21,192.0,France  Cameroon,Defender - Centre-Back,left,Eintracht Frankfurt,36.0,1.0,3041.0,0.0,34.0,2.0,2758.0,0.0,4.0,0.0,360.0,0.0,Bundesliga
Martin Hinteregger,28,184.0,Austria,Defender - Centre-Back,left,Eintracht Frankfurt,41.0,4.0,3588.0,0.0,49.0,9.0,4259.0,0.0,11.0,0.0,990.0,0.0,Bundesliga
Simon Falette,28,185.0,Guinea  France,Defender - Centre-Back,left,Hannover 96,14.0,0.0,1199.0,0.0,13.0,0.0,1022.0,0.0,6.0,0.0,523.0,0.0,Bundesliga
David Abraham,34,188.0,Argentina  Italy,Defender - Centre-Back,right,Eintracht Frankfurt,27.0,0.0,2330.0,0.0,37.0,3.0,3175.0,0.0,10.0,1.0,873.0,0.0,Bundesliga
Marco Russ,35,190.0,Germany,Defender - Centre-Back,right,Retired,9.0,0.0,670.0,0.0,1.0,0.0,37.0,0.0,,,,,Bundesliga
Erik Durm,28,183.0,Germany,Defender - Left-Back,right,Eintracht Frankfurt,30.0,0.0,2217.0,0.0,15.0,0.0,821.0,0.0,3.0,0.0,258.0,0.0,Bundesliga
Danny da Costa,27,187.0,Germany  Angola,Defender - Right-Back,right,Eintracht Frankfurt,50.0,4.0,4472.0,0.0,37.0,4.0,2496.0,0.0,5.0,0.0,190.0,0.0,Bundesliga
Almamy Touré,24,183.0,France  Mali,Defender - Right-Back,right,Eintracht Frankfurt,12.0,0.0,880.0,0.0,29.0,1.0,2370.0,0.0,6.0,0.0,422.0,0.0,Bundesliga
Timothy Chandler,30,186.0,United States  Germany,Defender - Right-Back,right,Eintracht Frankfurt,1.0,0.0,16.0,0.0,33.0,5.0,1575.0,0.0,4.0,0.0,66.0,0.0,Bundesliga
Stefan Ilsanker,31,189.0,Austria,Midfielder - Defensive Midfield,right,Eintracht Frankfurt,34.0,0.0,1900.0,0.0,25.0,2.0,1702.0,0.0,11.0,0.0,695.0,0.0,Bundesliga
Lucas Torró,26,190.0,Spain,Midfielder - Defensive Midfield,right,CA Osasuna,13.0,1.0,916.0,0.0,12.0,1.0,702.0,0.0,6.0,0.0,192.0,0.0,Bundesliga
Gelson Fernandes,34,180.0,Switzerland  Cape Verde,Midfielder - Defensive Midfield,right,Retired,37.0,1.0,3056.0,0.0,22.0,0.0,1356.0,0.0,,,,,Bundesliga
Makoto Hasebe,36,180.0,Japan,Midfielder - Defensive Midfield,right,Eintracht Frankfurt,44.0,0.0,3932.0,0.0,39.0,0.0,3344.0,0.0,7.0,0.0,630.0,0.0,Bundesliga
Djibril Sow,23,184.0,Switzerland  Senegal,Midfielder - Central Midfield,right,Eintracht Frankfurt,39.0,3.0,3209.0,0.0,40.0,1.0,2683.0,0.0,7.0,0.0,314.0,0.0,Bundesliga
Dominik Kohr,26,183.0,Germany,Midfielder - Central Midfield,right,Eintracht Frankfurt,25.0,2.0,1450.0,0.0,40.0,1.0,2294.0,0.0,6.0,0.0,304.0,0.0,Bundesliga
Sebastian Rode,30,179.0,Germany,Midfielder - Central Midfield,right,Eintracht Frankfurt,22.0,1.0,1690.0,0.0,43.0,3.0,3065.0,0.0,9.0,1.0,664.0,0.0,Bundesliga
Jonathan de Guzmán,33,173.0,Netherlands  Canada,Midfielder - Central Midfield,right,OFI Crete,39.0,3.0,2083.0,0.0,10.0,1.0,193.0,0.0,4.0,1.0,183.0,0.0,Bundesliga
Marijan Cavar,22,184.0,Bosnia-Herzegovina  Croatia,Midfielder - Central Midfield,right,Eintracht Frankfurt,16.0,0.0,964.0,0.0,0.0,0.0,0.0,0.0,,,,,Bundesliga
Nils Stendera,20,177.0,Germany,Midfielder - Central Midfield,,1.FC Lokomotive Leipzig,20.0,3.0,1719.0,0.0,0.0,0.0,0.0,0.0,8.0,0.0,340.0,0.0,Bundesliga
Sahverdi Cetin,20,174.0,Germany  Turkey,Midfielder - Central Midfield,right,MKE Ankaragücü,18.0,7.0,1373.0,0.0,0.0,0.0,0.0,0.0,4.0,0.0,171.0,0.0,Bundesliga
Rodrigo Zalazar,21,178.0,Uruguay  Spain,Midfielder - Central Midfield,right,FC St. Pauli,,,,,19.0,3.0,1239.0,0.0,11.0,3.0,774.0,0.0,Bundesliga
Filip Kostic,28,184.0,Serbia,Midfielder - Left Midfield,left,Eintracht Frankfurt,46.0,10.0,3994.0,0.0,51.0,12.0,4570.0,0.0,6.0,0.0,378.0,0.0,Bundesliga
Daichi Kamada,24,180.0,Japan,Midfielder - Attacking Midfield,right,Eintracht Frankfurt,36.0,16.0,2977.0,0.0,48.0,10.0,3381.0,0.0,11.0,2.0,900.0,0.0,Bundesliga
Mijat Gacinovic,25,175.0,Serbia  Bosnia-Herzegovina,Midfielder - Attacking Midfield,right,TSG 1899 Hoffenheim,45.0,2.0,2913.0,0.0,36.0,1.0,1651.0,0.0,16.0,1.0,550.0,0.0,Bundesliga
Patrick Finger,19,166.0,Germany,Midfielder - Attacking Midfield,left,Olympia Biebesheim,24.0,2.0,2086.0,0.0,12.0,1.0,759.0,0.0,,,,,Bundesliga
Ante Rebic,27,185.0,Croatia,Forward - Left Winger,right,AC Milan,38.0,10.0,2514.0,0.0,36.0,15.0,2056.0,0.0,10.0,0.0,636.0,0.0,Bundesliga
André Silva,25,184.0,Portugal,Forward - Centre-Forward,right,Eintracht Frankfurt,40.0,11.0,2839.0,0.0,38.0,16.0,2563.0,0.0,11.0,8.0,935.0,0.0,Bundesliga
Gonçalo Paciência,26,184.0,Portugal,Forward - Centre-Forward,right,FC Schalke 04,18.0,5.0,461.0,0.0,43.0,10.0,2231.0,0.0,9.0,1.0,587.0,0.0,Bundesliga
Bas Dost,31,196.0,Netherlands,Forward - Centre-Forward,right,Eintracht Frankfurt,35.0,23.0,2420.0,0.0,32.0,10.0,1853.0,0.0,11.0,4.0,803.0,0.0,Bundesliga
Dejan Joveljic,21,182.0,Serbia  Bosnia-Herzegovina,Forward - Centre-Forward,right,Wolfsberger AC,28.0,14.0,1381.0,0.0,15.0,2.0,752.0,0.0,15.0,5.0,815.0,0.0,Bundesliga
Koen Casteels,28,197.0,Belgium,Goalkeeper,left,VfL Wolfsburg,29.0,0.0,2565.0,0.0,32.0,0.0,2910.0,0.0,11.0,0.0,990.0,0.0,Bundesliga
Pavao Pervan,33,194.0,Austria,Goalkeeper,both,VfL Wolfsburg,9.0,0.0,764.0,0.0,14.0,0.0,1290.0,0.0,3.0,0.0,270.0,0.0,Bundesliga
Phillip Menzel,22,192.0,Germany,Goalkeeper,right,SK Austria Klagenfurt,23.0,0.0,2070.0,0.0,8.0,0.0,720.0,0.0,10.0,0.0,930.0,0.0,Bundesliga
Niklas Klinger,25,187.0,Germany,Goalkeeper,right,VfL Wolfsburg,9.0,0.0,810.0,0.0,2.0,0.0,180.0,0.0,,,,,Bundesliga
Lino Kasten,19,188.0,Germany,Goalkeeper,right,VfL Wolfsburg,24.0,0.0,2190.0,0.0,13.0,0.0,1115.0,0.0,2.0,0.0,180.0,0.0,Bundesliga
John Anthony Brooks,27,193.0,United States  Germany,Defender - Centre-Back,left,VfL Wolfsburg,32.0,3.0,2880.0,0.0,31.0,1.0,2776.0,0.0,11.0,1.0,928.0,0.0,Bundesliga
Marin Pongracic,23,190.0,Croatia  Germany,Defender - Centre-Back,right,VfL Wolfsburg,26.0,0.0,2226.0,0.0,19.0,2.0,1543.0,0.0,1.0,0.0,0.0,0.0,Bundesliga
Felix Uduokhai,23,192.0,Germany  Nigeria,Defender - Centre-Back,left,FC Augsburg,12.0,0.0,235.0,0.0,27.0,0.0,1991.0,0.0,11.0,1.0,990.0,0.0,Bundesliga
Robin Knoche,28,190.0,Germany,Defender - Centre-Back,right,1.FC Union Berlin,34.0,3.0,2974.0,0.0,31.0,2.0,2438.0,0.0,11.0,0.0,1020.0,0.0,Bundesliga
Marcel Tisserand,27,190.0,DR Congo  France,Defender - Centre-Back,right,Fenerbahce SK,12.0,1.0,1068.0,0.0,23.0,1.0,1905.0,0.0,9.0,0.0,810.0,0.0,Bundesliga
Jeffrey Bruma,29,189.0,Netherlands  Suriname,Defender - Centre-Back,right,VfL Wolfsburg,12.0,0.0,893.0,0.0,23.0,0.0,1955.0,0.0,,,,,Bundesliga
Tim Siersleben,20,187.0,Germany,Defender - Centre-Back,left,VfL Wolfsburg II,30.0,4.0,2718.0,0.0,22.0,0.0,1980.0,0.0,1.0,0.0,90.0,0.0,Bundesliga
Jérôme Roussillon,27,175.0,France  Guadeloupe,Defender - Left-Back,left,VfL Wolfsburg,31.0,3.0,2736.0,0.0,37.0,1.0,2866.0,0.0,13.0,0.0,958.0,0.0,Bundesliga
Paulo Otávio,26,173.0,Brazil,Defender - Left-Back,left,VfL Wolfsburg,29.0,0.0,2402.0,0.0,9.0,1.0,683.0,0.0,9.0,0.0,500.0,0.0,Bundesliga
William,25,176.0,Brazil,Defender - Right-Back,right,VfL Wolfsburg,33.0,2.0,2857.0,0.0,22.0,3.0,1862.0,0.0,,,,,Bundesliga
Kevin Mbabu,25,184.0,Switzerland  DR Congo,Defender - Right-Back,right,VfL Wolfsburg,33.0,1.0,2853.0,0.0,27.0,3.0,2113.0,0.0,0.0,0.0,0.0,0.0,Bundesliga
Josuha Guilavogui,30,188.0,France  Guinea,Midfielder - Defensive Midfield,right,VfL Wolfsburg,20.0,2.0,1659.0,0.0,32.0,0.0,2618.0,0.0,8.0,2.0,661.0,0.0,Bundesliga
Ignacio Camacho,30,182.0,Spain,Midfielder - Defensive Midfield,right,Retired,6.0,0.0,540.0,0.0,,,,,,,,,Bundesliga
Iba May,22,183.0,Germany,Midfielder - Defensive Midfield,right,Eintracht Braunschweig,33.0,5.0,2674.0,0.0,8.0,0.0,209.0,0.0,3.0,0.0,21.0,0.0,Bundesliga
Maximilian Arnold,26,184.0,Germany,Midfielder - Central Midfield,left,VfL Wolfsburg,36.0,2.0,3149.0,0.0,44.0,5.0,3826.0,0.0,13.0,2.0,1056.0,0.0,Bundesliga
Xaver Schlager,23,174.0,Austria,Midfielder - Central Midfield,left,VfL Wolfsburg,44.0,8.0,3501.0,0.0,29.0,1.0,2178.0,0.0,14.0,1.0,1008.0,0.0,Bundesliga
Yannick Gerhardt,26,184.0,Germany,Midfielder - Central Midfield,left,VfL Wolfsburg,33.0,2.0,2705.0,0.0,25.0,4.0,1451.0,0.0,10.0,1.0,461.0,0.0,Bundesliga
Elvis Rexhbecaj,23,182.0,Germany  Kosovo,Midfielder - Central Midfield,left,1. FC Köln,29.0,3.0,1564.0,0.0,18.0,1.0,1002.0,0.0,10.0,3.0,732.0,0.0,Bundesliga
Luca Horn,21,177.0,Germany,Midfielder - Left Midfield,left,FC Hansa Rostock,6.0,0.0,540.0,0.0,24.0,2.0,1876.0,0.0,8.0,0.0,315.0,0.0,Bundesliga
Yunus Malli,28,179.0,Turkey  Germany,Midfielder - Attacking Midfield,right,VfL Wolfsburg,23.0,1.0,773.0,0.0,15.0,0.0,726.0,0.0,1.0,0.0,58.0,0.0,Bundesliga
Julian Justvan,22,177.0,Germany,Midfielder - Attacking Midfield,left,SC Paderborn 07,32.0,7.0,1945.0,0.0,21.0,7.0,1668.0,0.0,9.0,0.0,498.0,0.0,Bundesliga
Josip Brekalo,22,175.0,Croatia,Forward - Left Winger,right,VfL Wolfsburg,27.0,3.0,1527.0,0.0,41.0,7.0,2499.0,0.0,11.0,1.0,909.0,0.0,Bundesliga
João Victor,26,178.0,Brazil,Forward - Left Winger,both,VfL Wolfsburg,34.0,20.0,2821.0,0.0,41.0,5.0,2206.0,0.0,10.0,2.0,405.0,0.0,Bundesliga
Renato Steffen,29,170.0,Switzerland,Forward - Right Winger,left,VfL Wolfsburg,34.0,5.0,1663.0,0.0,38.0,6.0,2213.0,0.0,13.0,1.0,949.0,0.0,Bundesliga
Felix Klaus,28,179.0,Germany,Forward - Right Winger,right,VfL Wolfsburg,15.0,1.0,435.0,0.0,29.0,0.0,850.0,0.0,7.0,0.0,290.0,0.0,Bundesliga
Ismail Azzaoui,22,177.0,Belgium  Morocco,Forward - Right Winger,right,Heracles Almelo,,,,,7.0,2.0,501.0,0.0,1.0,0.0,34.0,0.0,Bundesliga
Ulysses Llanez,19,170.0,United States  Mexico,Forward - Right Winger,,SC Heerenveen,,,,,16.0,11.0,1228.0,0.0,5.0,0.0,147.0,0.0,Bundesliga
Admir Mehmedi,29,183.0,Switzerland  North Macedonia,Forward - Second Striker,right,VfL Wolfsburg,28.0,7.0,1799.0,0.0,26.0,3.0,1631.0,0.0,13.0,2.0,886.0,0.0,Bundesliga
Wout Weghorst,28,197.0,Netherlands,Forward - Centre-Forward,right,VfL Wolfsburg,36.0,18.0,3118.0,0.0,43.0,20.0,3710.0,0.0,14.0,9.0,1143.0,0.0,Bundesliga
Daniel Ginczek,29,191.0,Germany,Forward - Centre-Forward,right,VfL Wolfsburg,26.0,7.0,1449.0,0.0,24.0,5.0,992.0,0.0,5.0,1.0,156.0,0.0,Bundesliga
Lukas Nmecha,21,185.0,Germany  England,Forward - Centre-Forward,right,RSC Anderlecht,44.0,3.0,2413.0,0.0,25.0,0.0,827.0,0.0,12.0,6.0,1010.0,0.0,Bundesliga
Mamoudou Karamoko,21,188.0,France  Cote d'Ivoire,Forward - Centre-Forward,,LASK,2.0,0.0,39.0,0.0,21.0,12.0,1469.0,0.0,9.0,5.0,380.0,0.0,Bundesliga
Omar Marmoush,21,177.0,Egypt  Canada,Forward - Centre-Forward,right,VfL Wolfsburg,5.0,0.0,49.0,0.0,21.0,9.0,897.0,0.0,5.0,1.0,267.0,0.0,Bundesliga
Alexander Nübel,24,193.0,Germany,Goalkeeper,right,Bayern Munich,22.0,0.0,1979.0,0.0,29.0,0.0,2616.0,0.0,2.0,0.0,180.0,0.0,Bundesliga
Markus Schubert,22,187.0,Germany,Goalkeeper,right,Eintracht Frankfurt,32.0,0.0,2910.0,0.0,10.0,0.0,831.0,0.0,2.0,0.0,180.0,0.0,Bundesliga
Michael Langer,35,195.0,Austria,Goalkeeper,right,FC Schalke 04,0.0,0.0,0.0,0.0,0.0,0.0,0.0,0.0,1.0,0.0,90.0,0.0,Bundesliga
Ozan Kabak,20,186.0,Turkey,Defender - Centre-Back,right,FC Schalke 04,34.0,3.0,2974.0,0.0,28.0,3.0,1938.0,0.0,5.0,0.0,435.0,0.0,Bundesliga
Matija Nastasic,27,188.0,Serbia,Defender - Centre-Back,left,FC Schalke 04,37.0,1.0,3290.0,0.0,20.0,0.0,1664.0,0.0,8.0,0.0,700.0,0.0,Bundesliga
Benjamin Stambouli,30,180.0,France  Algeria,Defender - Centre-Back,right,FC Schalke 04,27.0,0.0,2314.0,0.0,10.0,0.0,900.0,0.0,6.0,0.0,435.0,0.0,Bundesliga
Salif Sané,30,196.0,Senegal  France,Defender - Centre-Back,right,FC Schalke 04,40.0,4.0,3543.0,0.0,16.0,2.0,1215.0,0.0,7.0,0.0,538.0,0.0,Bundesliga
Jean-Clair Todibo,20,190.0,France  French Guiana,Defender - Centre-Back,right,SL Benfica,12.0,1.0,994.0,0.0,13.0,0.0,664.0,0.0,,,,,Bundesliga
Timo Becker,23,186.0,Germany,Defender - Centre-Back,right,FC Schalke 04,33.0,2.0,2577.0,0.0,27.0,3.0,1888.0,0.0,6.0,0.0,460.0,0.0,Bundesliga
Malick Thiaw,19,191.0,Finland  Germany,Defender - Centre-Back,both,FC Schalke 04,35.0,0.0,2997.0,0.0,27.0,9.0,2126.0,0.0,9.0,1.0,758.0,0.0,Bundesliga
Juan Miranda,20,185.0,Spain,Defender - Left-Back,left,Real Betis Balompié,29.0,1.0,2506.0,0.0,12.0,0.0,811.0,0.0,2.0,1.0,23.0,0.0,Bundesliga
Bastian Oczipka,31,185.0,Germany,Defender - Left-Back,left,FC Schalke 04,25.0,1.0,2236.0,0.0,38.0,0.0,3404.0,0.0,10.0,0.0,830.0,0.0,Bundesliga
Jonas Carls,23,179.0,Germany,Defender - Left-Back,left,Vitória Guimarães SC,23.0,0.0,1978.0,0.0,29.0,2.0,2375.0,0.0,1.0,0.0,90.0,0.0,Bundesliga
Jonjoe Kenny,23,176.0,England,Defender - Right-Back,right,Everton FC,15.0,0.0,1240.0,0.0,34.0,2.0,2994.0,0.0,4.0,0.0,299.0,0.0,Bundesliga
Omar Mascarell,27,181.0,Spain,Midfielder - Defensive Midfield,right,FC Schalke 04,19.0,0.0,1329.0,0.0,26.0,0.0,2329.0,0.0,11.0,0.0,887.0,0.0,Bundesliga
Marcel Langer,23,182.0,Germany,Midfielder - Defensive Midfield,right,Without Club,18.0,1.0,1241.0,0.0,12.0,0.0,559.0,0.0,,,,,Bundesliga
Weston McKennie,22,185.0,United States,Midfielder - Central Midfield,right,Juventus FC,33.0,2.0,2329.0,0.0,32.0,3.0,2330.0,0.0,11.0,2.0,557.0,0.0,Bundesliga
Suat Serdar,23,184.0,Germany  Turkey,Midfielder - Central Midfield,right,FC Schalke 04,35.0,2.0,2418.0,0.0,22.0,7.0,1684.0,0.0,5.0,0.0,309.0,0.0,Bundesliga
Nassim Boujellab,21,182.0,Morocco  Germany,Midfielder - Central Midfield,both,FC Schalke 04,30.0,14.0,2354.0,0.0,21.0,3.0,1241.0,0.0,6.0,2.0,406.0,0.0,Bundesliga
Jonas Hofmann,23,174.0,Germany,Midfielder - Central Midfield,right,FC Energie Cottbus,31.0,2.0,2431.0,0.0,23.0,1.0,1857.0,0.0,9.0,1.0,706.0,0.0,Bundesliga
Daniel Caligiuri,32,182.0,Italy  Germany,Midfielder - Right Midfield,right,FC Augsburg,40.0,7.0,3516.0,0.0,30.0,4.0,2466.0,0.0,11.0,5.0,961.0,0.0,Bundesliga
Alessandro Schöpf,26,178.0,Austria,Midfielder - Right Midfield,right,FC Schalke 04,21.0,2.0,1399.0,0.0,27.0,1.0,1843.0,0.0,7.0,2.0,344.0,0.0,Bundesliga
Amine Harit,23,180.0,Morocco  France,Midfielder - Attacking Midfield,right,FC Schalke 04,25.0,1.0,1431.0,0.0,28.0,7.0,2408.0,0.0,7.0,0.0,401.0,0.0,Bundesliga
Levent Mercan,19,176.0,Germany,Midfielder - Attacking Midfield,both,FC Schalke 04,35.0,7.0,3113.0,0.0,11.0,1.0,575.0,0.0,9.0,1.0,751.0,0.0,Bundesliga
Can Bozdogan,19,175.0,Germany  Turkey,Midfielder - Attacking Midfield,left,FC Schalke 04,24.0,1.0,1747.0,0.0,19.0,4.0,1594.0,0.0,7.0,0.0,371.0,0.0,Bundesliga
Benito Raman,26,172.0,Belgium,Forward - Left Winger,right,FC Schalke 04,32.0,11.0,1769.0,0.0,28.0,7.0,1778.0,0.0,10.0,2.0,486.0,0.0,Bundesliga
Rabbi Matondo,20,175.0,Wales  England,Forward - Right Winger,right,FC Schalke 04,30.0,9.0,2073.0,0.0,22.0,2.0,1355.0,0.0,2.0,0.0,137.0,0.0,Bundesliga
Steven Skrzybski,28,174.0,Germany,Forward - Right Winger,right,FC Schalke 04,16.0,3.0,756.0,0.0,17.0,4.0,936.0,0.0,7.0,0.0,418.0,0.0,Bundesliga
Mark Uth,29,185.0,Germany,Forward - Second Striker,left,FC Schalke 04,29.0,4.0,2113.0,0.0,25.0,5.0,1666.0,0.0,8.0,2.0,714.0,0.0,Bundesliga
Michael Gregoritsch,26,193.0,Austria,Forward - Second Striker,left,FC Augsburg,36.0,8.0,2912.0,0.0,23.0,1.0,1324.0,0.0,11.0,1.0,621.0,0.0,Bundesliga
Ahmed Kutucu,20,181.0,Turkey  Germany,Forward - Centre-Forward,right,FC Schalke 04,40.0,20.0,2546.0,0.0,28.0,3.0,742.0,0.0,4.0,1.0,184.0,0.0,Bundesliga
Guido Burgstaller,31,187.0,Austria,Forward - Centre-Forward,right,FC St. Pauli,33.0,5.0,2010.0,0.0,24.0,2.0,1446.0,0.0,2.0,0.0,105.0,0.0,Bundesliga
Fabian Reese,23,187.0,Germany,Forward - Centre-Forward,right,Holstein Kiel,30.0,3.0,1792.0,0.0,22.0,5.0,1630.0,0.0,10.0,1.0,707.0,0.0,Bundesliga
Jiri Pavlenka,28,196.0,Czech Republic,Goalkeeper,right,SV Werder Bremen,39.0,0.0,3458.0,0.0,39.0,0.0,3510.0,0.0,11.0,0.0,990.0,0.0,Bundesliga
Stefanos Kapino,26,196.0,Greece,Goalkeeper,right,SV Werder Bremen,1.0,0.0,44.0,0.0,1.0,0.0,90.0,0.0,0.0,0.0,0.0,0.0,Bundesliga
Luca Plogmann,20,189.0,Germany,Goalkeeper,both,SV Meppen,14.0,0.0,1207.0,0.0,24.0,0.0,2160.0,0.0,8.0,0.0,651.0,0.0,Bundesliga
Kevin Vogt,29,194.0,Germany,Defender - Centre-Back,right,TSG 1899 Hoffenheim,34.0,0.0,2934.0,0.0,29.0,0.0,2453.0,0.0,13.0,0.0,1155.0,0.0,Bundesliga
Milos Veljkovic,25,188.0,Serbia  Switzerland,Defender - Centre-Back,both,SV Werder Bremen,27.0,1.0,2264.0,0.0,28.0,0.0,2393.0,0.0,5.0,0.0,450.0,0.0,Bundesliga
Ömer Toprak,31,187.0,Turkey  Germany,Defender - Centre-Back,right,SV Werder Bremen,14.0,0.0,770.0,0.0,13.0,0.0,898.0,0.0,7.0,0.0,467.0,0.0,Bundesliga
Marco Friedl,22,187.0,Austria,Defender - Centre-Back,left,SV Werder Bremen,9.0,0.0,682.0,0.0,32.0,2.0,2577.0,0.0,10.0,0.0,900.0,0.0,Bundesliga
Niklas Moisander,35,183.0,Finland,Defender - Centre-Back,left,SV Werder Bremen,34.0,0.0,3029.0,0.0,26.0,1.0,2337.0,0.0,6.0,0.0,451.0,0.0,Bundesliga
Sebastian Langkamp,32,191.0,Germany,Defender - Centre-Back,right,Without Club,23.0,0.0,1533.0,0.0,7.0,0.0,425.0,0.0,,,,,Bundesliga
Christian Groß,31,182.0,Germany,Defender - Centre-Back,both,SV Werder Bremen,30.0,9.0,2700.0,0.0,18.0,0.0,1075.0,0.0,9.0,0.0,526.0,0.0,Bundesliga
Niklas Wiemann,21,190.0,Germany,Defender - Centre-Back,left,Hamburger SV II,28.0,1.0,1406.0,0.0,4.0,0.0,333.0,0.0,2.0,0.0,180.0,0.0,Bundesliga
Ludwig Augustinsson,26,181.0,Sweden,Defender - Left-Back,left,SV Werder Bremen,39.0,1.0,3499.0,0.0,15.0,1.0,1117.0,0.0,8.0,0.0,720.0,0.0,Bundesliga
Theodor Gebre Selassie,33,181.0,Czech Republic  Ethiopia,Defender - Right-Back,right,SV Werder Bremen,36.0,3.0,3199.0,0.0,32.0,2.0,2789.0,0.0,11.0,0.0,990.0,0.0,Bundesliga
Michael Lang,29,185.0,Switzerland,Defender - Right-Back,right,Borussia Mönchengladbach,18.0,1.0,1349.0,0.0,10.0,0.0,632.0,0.0,2.0,0.0,52.0,0.0,Bundesliga
Nuri Sahin,32,180.0,Turkey  Germany,Midfielder - Defensive Midfield,left,Antalyaspor,23.0,1.0,1742.0,0.0,17.0,0.0,1351.0,0.0,12.0,0.0,883.0,0.0,Bundesliga
Philipp Bargfrede,31,174.0,Germany,Midfielder - Defensive Midfield,right,SV Werder Bremen II,17.0,1.0,1238.0,0.0,17.0,0.0,716.0,0.0,,,,,Bundesliga
Ilia Gruev,20,185.0,Bulgaria  Germany,Midfielder - Defensive Midfield,left,SV Werder Bremen,26.0,4.0,2330.0,0.0,15.0,2.0,1205.0,0.0,4.0,0.0,335.0,0.0,Bundesliga
Julian Rieckmann,20,186.0,Germany,Midfielder - Defensive Midfield,right,SV Werder Bremen II,25.0,1.0,2205.0,0.0,21.0,0.0,1724.0,0.0,6.0,0.0,540.0,0.0,Bundesliga
Maximilian Eggestein,24,181.0,Germany,Midfielder - Central Midfield,right,SV Werder Bremen,39.0,6.0,3522.0,0.0,38.0,1.0,3396.0,0.0,11.0,2.0,990.0,0.0,Bundesliga
Davy Klaassen,27,179.0,Netherlands,Midfielder - Central Midfield,right,Ajax Amsterdam,38.0,7.0,3304.0,0.0,39.0,9.0,3456.0,0.0,16.0,5.0,1196.0,0.0,Bundesliga
Kevin Möhwald,27,183.0,Germany,Midfielder - Central Midfield,right,SV Werder Bremen,27.0,3.0,996.0,0.0,2.0,0.0,117.0,0.0,7.0,1.0,276.0,0.0,Bundesliga
Simon Straudi,21,176.0,Italy,Midfielder - Right Midfield,right,SK Austria Klagenfurt,15.0,1.0,1215.0,0.0,15.0,1.0,1332.0,0.0,12.0,0.0,838.0,0.0,Bundesliga
Leonardo Bittencourt,26,171.0,Germany  Brazil,Midfielder - Attacking Midfield,right,SV Werder Bremen,26.0,1.0,1324.0,0.0,33.0,6.0,2125.0,0.0,11.0,3.0,779.0,0.0,Bundesliga
Milot Rashica,24,177.0,Kosovo  Albania,Forward - Left Winger,right,SV Werder Bremen,30.0,12.0,1812.0,0.0,34.0,11.0,2791.0,0.0,5.0,0.0,279.0,0.0,Bundesliga
Martin Harnik,33,185.0,Austria  Germany,Forward - Right Winger,right,TuS Dassendorf,22.0,7.0,917.0,0.0,25.0,3.0,1383.0,0.0,2.0,1.0,116.0,0.0,Bundesliga
Benjamin Goller,21,180.0,Germany,Forward - Right Winger,right,Karlsruher SC,17.0,1.0,1049.0,0.0,13.0,1.0,473.0,0.0,9.0,0.0,389.0,0.0,Bundesliga
David Philipp,20,180.0,Germany,Forward - Right Winger,both,ADO Den Haag,28.0,21.0,2436.0,0.0,18.0,7.0,1453.0,0.0,8.0,2.0,406.0,0.0,Bundesliga
Yuya Osako,30,182.0,Japan,Forward - Second Striker,right,SV Werder Bremen,23.0,5.0,1504.0,0.0,34.0,9.0,2209.0,0.0,8.0,0.0,350.0,0.0,Bundesliga
Fin Bartels,33,176.0,Germany,Forward - Second Striker,right,Holstein Kiel,4.0,1.0,153.0,0.0,17.0,0.0,374.0,0.0,10.0,2.0,795.0,0.0,Bundesliga
Nick Woltemade,18,198.0,Germany,Forward - Second Striker,right,SV Werder Bremen,25.0,18.0,1943.0,0.0,25.0,18.0,1755.0,0.0,5.0,0.0,125.0,0.0,Bundesliga
Davie Selke,25,194.0,Germany,Forward - Centre-Forward,right,SV Werder Bremen,32.0,4.0,1850.0,0.0,34.0,2.0,1615.0,0.0,7.0,2.0,244.0,0.0,Bundesliga
Josh Sargent,20,185.0,United States,Forward - Centre-Forward,right,SV Werder Bremen,22.0,9.0,1267.0,0.0,34.0,4.0,1712.0,0.0,10.0,2.0,858.0,0.0,Bundesliga
Johannes Eggestein,22,183.0,Germany,Forward - Centre-Forward,right,LASK,28.0,5.0,1299.0,0.0,15.0,1.0,548.0,0.0,15.0,8.0,900.0,0.0,Bundesliga
Niclas Füllkrug,27,189.0,Germany,Forward - Centre-Forward,right,SV Werder Bremen,15.0,3.0,1194.0,0.0,11.0,4.0,504.0,0.0,6.0,4.0,300.0,0.0,Bundesliga
Claudio Pizarro,42,184.0,Peru  Italy,Forward - Centre-Forward,right,Retired,30.0,7.0,808.0,0.0,19.0,2.0,239.0,0.0,,,,,Bundesliga
Luc Ihorst,20,190.0,Germany,Forward - Centre-Forward,both,VfL Osnabrück,25.0,9.0,2131.0,0.0,24.0,6.0,2013.0,0.0,10.0,1.0,539.0,0.0,Bundesliga
Robin Zentner,26,195.0,Germany,Goalkeeper,right,1.FSV Mainz 05,11.0,0.0,1020.0,0.0,22.0,0.0,1935.0,0.0,11.0,0.0,990.0,0.0,Bundesliga
Florian Müller,23,192.0,Germany,Goalkeeper,left,SC Freiburg,25.0,0.0,2280.0,0.0,15.0,0.0,1304.0,0.0,10.0,0.0,900.0,0.0,Bundesliga
Omer Hanin,22,192.0,Israel  Portugal,Goalkeeper,both,1.FSV Mainz 05,3.0,0.0,145.0,0.0,4.0,0.0,360.0,0.0,,,,,Bundesliga
Finn Dahmen,22,188.0,Germany  England,Goalkeeper,right,1.FSV Mainz 05,32.0,0.0,2880.0,0.0,10.0,0.0,887.0,0.0,0.0,0.0,0.0,0.0,Bundesliga
Moussa Niakhaté,24,190.0,France  Mali,Defender - Centre-Back,left,1.FSV Mainz 05,34.0,1.0,2792.0,0.0,34.0,1.0,3060.0,0.0,10.0,0.0,887.0,0.0,Bundesliga
Jeremiah St. Juste,24,186.0,Netherlands  St. Kitts & Nevis,Defender - Centre-Back,right,1.FSV Mainz 05,26.0,3.0,1987.0,0.0,27.0,2.0,2228.0,0.0,11.0,0.0,990.0,0.0,Bundesliga
Jeffrey Bruma,29,189.0,Netherlands  Suriname,Defender - Centre-Back,right,VfL Wolfsburg,12.0,0.0,893.0,0.0,23.0,0.0,1955.0,0.0,,,,,Bundesliga
Stefan Bell,29,192.0,Germany,Defender - Centre-Back,right,1.FSV Mainz 05,27.0,0.0,2460.0,0.0,1.0,0.0,67.0,0.0,1.0,0.0,90.0,0.0,Bundesliga
Alexander Hack,27,193.0,Germany,Defender - Centre-Back,left,1.FSV Mainz 05,15.0,1.0,1137.0,0.0,14.0,0.0,802.0,0.0,5.0,0.0,368.0,0.0,Bundesliga
Ahmet Gürleyen,21,192.0,Germany  Turkey,Defender - Centre-Back,right,SV Wehen Wiesbaden,23.0,2.0,1782.0,0.0,13.0,1.0,1028.0,0.0,9.0,0.0,309.0,0.0,Bundesliga
Aarón Martín,23,180.0,Spain,Defender - Left-Back,left,1.FSV Mainz 05,34.0,0.0,2999.0,0.0,23.0,0.0,1885.0,0.0,3.0,0.0,81.0,0.0,Bundesliga
Jonathan Meier,21,181.0,Germany,Defender - Left-Back,left,SG Dynamo Dresden,22.0,0.0,1957.0,0.0,11.0,0.0,934.0,0.0,10.0,0.0,886.0,0.0,Bundesliga
Niklas Kölle,21,180.0,Germany,Defender - Left-Back,left,TSG 1899 Hoffenheim II,31.0,0.0,2417.0,0.0,20.0,0.0,1774.0,0.0,9.0,0.0,771.0,0.0,Bundesliga
Ridle Baku,22,176.0,Germany  DR Congo,Defender - Right-Back,right,VfL Wolfsburg,17.0,0.0,1092.0,0.0,31.0,1.0,2424.0,0.0,11.0,2.0,918.0,0.0,Bundesliga
Ronaël Pierre-Gabriel,22,177.0,France,Defender - Right-Back,right,Stade Brest 29,5.0,0.0,416.0,0.0,8.0,0.0,578.0,0.0,9.0,1.0,741.0,0.0,Bundesliga
Daniel Brosinski,32,178.0,Germany,Defender - Right-Back,right,1.FSV Mainz 05,28.0,3.0,2414.0,0.0,27.0,2.0,1791.0,0.0,10.0,1.0,843.0,0.0,Bundesliga
Phillipp Mwene,26,170.0,Austria  Kenya,Defender - Right-Back,right,1.FSV Mainz 05,7.0,1.0,390.0,0.0,4.0,0.0,315.0,0.0,1.0,0.0,71.0,0.0,Bundesliga
Niklas Tauer,19,183.0,Germany,Midfielder - Defensive Midfield,right,1.FSV Mainz 05,25.0,2.0,2090.0,0.0,13.0,2.0,1069.0,0.0,6.0,0.0,343.0,0.0,Bundesliga
Pierre Kunde Malong,25,180.0,Cameroon,Midfielder - Central Midfield,right,1.FSV Mainz 05,31.0,0.0,1968.0,0.0,28.0,4.0,1873.0,0.0,8.0,0.0,340.0,0.0,Bundesliga
Edimilson Fernandes,24,190.0,Switzerland  Portugal,Midfielder - Central Midfield,right,1.FSV Mainz 05,33.0,2.0,2193.0,0.0,25.0,1.0,1579.0,0.0,7.0,0.0,361.0,0.0,Bundesliga
Leandro Barreiro,20,174.0,Luxembourg  Portugal,Midfielder - Central Midfield,right,1.FSV Mainz 05,24.0,5.0,2093.0,0.0,19.0,0.0,1026.0,0.0,8.0,0.0,506.0,0.0,Bundesliga
Danny Latza,31,179.0,Germany,Midfielder - Central Midfield,right,1.FSV Mainz 05,24.0,0.0,1874.0,0.0,24.0,0.0,1436.0,0.0,8.0,0.0,681.0,0.0,Bundesliga
Merveille Papela,19,174.0,Germany,Midfielder - Central Midfield,right,1.FSV Mainz 05,24.0,1.0,2006.0,0.0,12.0,1.0,767.0,0.0,9.0,0.0,674.0,0.0,Bundesliga
Levin Öztunali,24,185.0,Germany  Turkey,Midfielder - Right Midfield,right,1.FSV Mainz 05,16.0,0.0,954.0,0.0,27.0,4.0,1778.0,0.0,9.0,0.0,524.0,0.0,Bundesliga
Jean-Paul Boëtius,26,178.0,Netherlands  Suriname,Midfielder - Attacking Midfield,right,1.FSV Mainz 05,33.0,4.0,2272.0,0.0,29.0,4.0,2360.0,0.0,11.0,0.0,899.0,0.0,Bundesliga
Alexandru Maxim,30,177.0,Romania,Midfielder - Attacking Midfield,right,Gaziantep FK,24.0,3.0,727.0,0.0,21.0,7.0,1432.0,0.0,11.0,3.0,858.0,0.0,Bundesliga
Erkan Eyibil,19,175.0,Turkey  Germany,Midfielder - Attacking Midfield,left,Go Ahead Eagles Deventer,24.0,17.0,2031.0,0.0,17.0,6.0,1364.0,0.0,10.0,0.0,543.0,0.0,Bundesliga
Robin Quaison,27,183.0,Sweden  Ghana,Forward - Second Striker,right,1.FSV Mainz 05,30.0,9.0,2313.0,0.0,33.0,13.0,2701.0,0.0,11.0,3.0,668.0,0.0,Bundesliga
Jean-Philippe Mateta,23,192.0,France  DR Congo,Forward - Centre-Forward,right,1.FSV Mainz 05,36.0,14.0,2563.0,0.0,18.0,3.0,1056.0,0.0,11.0,10.0,890.0,0.0,Bundesliga
Karim Onisiwo,28,188.0,Austria,Forward - Centre-Forward,right,1.FSV Mainz 05,27.0,7.0,1242.0,0.0,33.0,4.0,1810.0,0.0,9.0,1.0,408.0,0.0,Bundesliga
Taiwo Awoniyi,23,183.0,Nigeria,Forward - Centre-Forward,right,1.FC Union Berlin,38.0,14.0,2203.0,0.0,12.0,1.0,475.0,0.0,8.0,2.0,411.0,0.0,Bundesliga
Jonathan Burkardt,20,181.0,Germany,Forward - Centre-Forward,right,1.FSV Mainz 05,18.0,8.0,1417.0,0.0,11.0,2.0,377.0,0.0,10.0,0.0,447.0,0.0,Bundesliga
Ádám Szalai,33,193.0,Hungary,Forward - Centre-Forward,right,1.FSV Mainz 05,37.0,6.0,2016.0,0.0,28.0,2.0,1212.0,0.0,1.0,1.0,30.0,0.0,Bundesliga
"Dong-won Ji,29,187.0,""Korea, South"",Forward - Centre-Forward,right,1.FSV Mainz 05,16.0,4.0,982.0,0.0,4.0,0.0,100.0,0.0,5.0,0.0,51.0,0.0,Bundesliga"
Cyrill Akono,20,190.0,Germany  Cameroon,Forward - Centre-Forward,left,1.FSV Mainz 05 II,27.0,14.0,1843.0,0.0,18.0,3.0,1116.0,0.0,5.0,1.0,223.0,0.0,Bundesliga
Tomas Koubek,28,197.0,Czech Republic,Goalkeeper,right,FC Augsburg,48.0,0.0,4364.0,0.0,26.0,0.0,2340.0,0.0,0.0,0.0,0.0,0.0,Bundesliga
Andreas Luthe,33,195.0,Germany,Goalkeeper,right,1.FC Union Berlin,17.0,0.0,1550.0,0.0,10.0,0.0,900.0,0.0,11.0,0.0,1020.0,0.0,Bundesliga
Fabian Giefer,30,196.0,Germany,Goalkeeper,right,Würzburger Kickers,4.0,0.0,360.0,0.0,2.0,0.0,210.0,0.0,11.0,0.0,990.0,0.0,Bundesliga
Benjamin Leneis,21,195.0,Germany,Goalkeeper,both,FC Augsburg,10.0,0.0,900.0,0.0,0.0,0.0,0.0,0.0,12.0,0.0,1035.0,0.0,Bundesliga
Jeffrey Gouweleeuw,29,187.0,Netherlands,Defender - Centre-Back,right,FC Augsburg,28.0,0.0,2422.0,0.0,21.0,0.0,1642.0,0.0,11.0,0.0,990.0,0.0,Bundesliga
Tin Jedvaj,25,188.0,Croatia,Defender - Centre-Back,right,Bayer 04 Leverkusen,21.0,2.0,1470.0,0.0,31.0,2.0,2642.0,0.0,4.0,0.0,258.0,0.0,Bundesliga
Felix Uduokhai,23,192.0,Germany  Nigeria,Defender - Centre-Back,left,FC Augsburg,12.0,0.0,235.0,0.0,27.0,0.0,1991.0,0.0,11.0,1.0,990.0,0.0,Bundesliga
Marek Suchy,32,183.0,Czech Republic,Defender - Centre-Back,right,FC Augsburg,25.0,2.0,2084.0,0.0,8.0,0.0,485.0,0.0,2.0,0.0,90.0,0.0,Bundesliga
Jozo Stanic,21,184.0,Croatia  Germany,Defender - Centre-Back,right,FSV Zwickau,29.0,0.0,2475.0,0.0,0.0,0.0,0.0,0.0,26.0,1.0,2321.0,0.0,Bundesliga
Philipp Max,27,177.0,Germany,Defender - Left-Back,left,PSV Eindhoven,34.0,4.0,2995.0,0.0,31.0,8.0,2714.0,0.0,16.0,2.0,1342.0,0.0,Bundesliga
Iago,23,181.0,Brazil  Italy,Defender - Left-Back,left,FC Augsburg,11.0,0.0,990.0,0.0,10.0,1.0,671.0,0.0,9.0,0.0,810.0,0.0,Bundesliga
Mads Pedersen,24,174.0,Denmark,Defender - Left-Back,left,FC Augsburg,28.0,0.0,2207.0,0.0,5.0,0.0,283.0,0.0,1.0,0.0,90.0,0.0,Bundesliga
Raphael Framberger,25,179.0,Germany,Defender - Right-Back,right,FC Augsburg,8.0,0.0,667.0,0.0,18.0,0.0,1171.0,0.0,9.0,0.0,657.0,0.0,Bundesliga
Stephan Lichtsteiner,36,182.0,Switzerland,Defender - Right-Back,right,Retired,23.0,1.0,1732.0,0.0,20.0,0.0,1346.0,0.0,,,,,Bundesliga
Georg Teigl,29,183.0,Austria,Defender - Right-Back,right,Austria Vienna,7.0,0.0,412.0,0.0,4.0,0.0,199.0,0.0,10.0,0.0,742.0,0.0,Bundesliga
Simon Asta,19,178.0,Germany,Defender - Right-Back,right,SpVgg Greuther Fürth,25.0,1.0,2154.0,0.0,11.0,1.0,976.0,0.0,3.0,0.0,270.0,0.0,Bundesliga
Rani Khedira,26,188.0,Germany  Tunisia,Midfielder - Defensive Midfield,right,FC Augsburg,34.0,4.0,3022.0,0.0,33.0,0.0,2680.0,0.0,9.0,0.0,647.0,0.0,Bundesliga
Reece Oxford,21,190.0,England  Jamaica,Midfielder - Defensive Midfield,right,FC Augsburg,24.0,3.0,1913.0,0.0,12.0,0.0,367.0,0.0,4.0,0.0,46.0,0.0,Bundesliga
Carlos Gruezo,25,171.0,Ecuador,Midfielder - Defensive Midfield,right,FC Augsburg,9.0,1.0,784.0,0.0,12.0,0.0,978.0,0.0,10.0,0.0,714.0,0.0,Bundesliga
Felix Götze,22,185.0,Germany,Midfielder - Defensive Midfield,right,FC Augsburg,9.0,1.0,202.0,0.0,0.0,0.0,0.0,0.0,3.0,1.0,267.0,0.0,Bundesliga
Daniel Baier,36,176.0,Germany,Midfielder - Defensive Midfield,right,Retired,36.0,0.0,3089.0,0.0,24.0,1.0,2036.0,0.0,,,,,Bundesliga
Tim Rieder,27,186.0,Germany,Midfielder - Defensive Midfield,right,1.FC Kaiserslautern,17.0,0.0,1017.0,0.0,27.0,3.0,2292.0,0.0,16.0,0.0,1418.0,0.0,Bundesliga
Stefano Russo,20,184.0,Germany  Italy,Midfielder - Defensive Midfield,right,Without Club,24.0,2.0,2116.0,0.0,0.0,0.0,0.0,0.0,14.0,0.0,887.0,0.0,Bundesliga
Eduard Löwen,23,188.0,Germany  Russia,Midfielder - Central Midfield,right,Hertha BSC,23.0,3.0,1669.0,0.0,24.0,2.0,1065.0,0.0,4.0,0.0,29.0,0.0,Bundesliga
Jan Morávek,31,180.0,Czech Republic,Midfielder - Central Midfield,right,FC Augsburg,14.0,0.0,834.0,0.0,11.0,0.0,467.0,0.0,,,,,Bundesliga
Fredrik Jensen,23,183.0,Finland,Midfielder - Attacking Midfield,right,FC Augsburg,9.0,0.0,294.0,0.0,11.0,1.0,477.0,0.0,6.0,2.0,193.0,0.0,Bundesliga
Ruben Vargas,22,174.0,Switzerland  Dominican Republic,Forward - Left Winger,right,FC Augsburg,38.0,10.0,2606.0,0.0,33.0,6.0,2538.0,0.0,10.0,4.0,651.0,0.0,Bundesliga
Marco Richter,23,176.0,Germany,Forward - Right Winger,right,FC Augsburg,29.0,5.0,1731.0,0.0,32.0,4.0,2374.0,0.0,7.0,1.0,208.0,0.0,Bundesliga
André Hahn,30,185.0,Germany,Forward - Right Winger,right,FC Augsburg,32.0,5.0,2381.0,0.0,16.0,2.0,788.0,0.0,10.0,4.0,569.0,0.0,Bundesliga
Noah Sarenren Bazee,24,183.0,Nigeria  Germany,Forward - Right Winger,right,FC Augsburg,6.0,1.0,402.0,0.0,10.0,1.0,378.0,0.0,3.0,0.0,134.0,0.0,Bundesliga
Michael Gregoritsch,26,193.0,Austria,Forward - Second Striker,left,FC Augsburg,36.0,8.0,2912.0,0.0,23.0,1.0,1324.0,0.0,11.0,1.0,621.0,0.0,Bundesliga
Maurice Malone,20,184.0,Germany  United States,Forward - Second Striker,left,SV Wehen Wiesbaden,30.0,18.0,2498.0,0.0,0.0,0.0,0.0,0.0,31.0,15.0,2460.0,0.0,Bundesliga
Florian Niederlechner,30,187.0,Germany,Forward - Centre-Forward,left,FC Augsburg,26.0,4.0,1129.0,0.0,34.0,13.0,2820.0,0.0,10.0,1.0,662.0,0.0,Bundesliga
Alfred Finnbogason,31,184.0,Iceland,Forward - Centre-Forward,right,FC Augsburg,20.0,11.0,1431.0,0.0,21.0,3.0,964.0,0.0,7.0,1.0,229.0,0.0,Bundesliga
Sergio Córdova,23,188.0,Venezuela,Forward - Centre-Forward,right,Arminia Bielefeld,22.0,3.0,620.0,0.0,16.0,2.0,360.0,0.0,8.0,0.0,385.0,0.0,Bundesliga
Julian Schieber,31,186.0,Germany,Forward - Centre-Forward,left,FC Augsburg,9.0,1.0,255.0,0.0,3.0,0.0,44.0,0.0,,,,,Bundesliga
"Seong-hoon Cheon,20,190.0,""Korea, South"",Forward - Centre-Forward,,FC Augsburg II,11.0,0.0,894.0,0.0,,,,,14.0,4.0,561.0,0.0,Bundesliga"
Alexander Schwolow,28,190.0,Germany,Goalkeeper,right,Hertha BSC,35.0,0.0,3180.0,0.0,25.0,0.0,2212.0,0.0,11.0,0.0,990.0,0.0,Bundesliga
Mark Flekken,27,194.0,Netherlands,Goalkeeper,both,SC Freiburg,1.0,0.0,90.0,0.0,11.0,0.0,990.0,0.0,,,,,Bundesliga
Niclas Thiede,21,186.0,Germany,Goalkeeper,both,SC Freiburg,19.0,0.0,1710.0,0.0,8.0,0.0,698.0,0.0,5.0,0.0,450.0,0.0,Bundesliga
Robin Koch,24,191.0,Germany,Defender - Centre-Back,right,Leeds United,25.0,1.0,1987.0,0.0,34.0,2.0,2807.0,0.0,11.0,0.0,909.0,0.0,Bundesliga
Philipp Lienhart,24,189.0,Austria,Defender - Centre-Back,right,SC Freiburg,16.0,0.0,709.0,0.0,24.0,0.0,1946.0,0.0,11.0,2.0,990.0,0.0,Bundesliga
Dominique Heintz,27,188.0,Germany,Defender - Centre-Back,left,SC Freiburg,36.0,1.0,3264.0,0.0,30.0,0.0,2644.0,0.0,10.0,0.0,817.0,0.0,Bundesliga
Nico Schlotterbeck,21,191.0,Germany,Defender - Centre-Back,left,1.FC Union Berlin,27.0,2.0,2226.0,0.0,15.0,0.0,576.0,0.0,3.0,2.0,300.0,0.0,Bundesliga
Manuel Gulde,29,184.0,Germany,Defender - Centre-Back,right,SC Freiburg,22.0,1.0,1798.0,0.0,18.0,1.0,1417.0,0.0,6.0,0.0,315.0,0.0,Bundesliga
Christian Günter,27,185.0,Germany,Defender - Left-Back,left,SC Freiburg,34.0,0.0,3090.0,0.0,36.0,2.0,3241.0,0.0,11.0,0.0,990.0,0.0,Bundesliga
Luca Itter,21,183.0,Germany,Defender - Left-Back,left,SC Freiburg,18.0,0.0,1509.0,0.0,11.0,0.0,729.0,0.0,2.0,0.0,157.0,0.0,Bundesliga
Jonathan Schmid,30,180.0,France,Defender - Right-Back,right,SC Freiburg,29.0,3.0,2640.0,0.0,35.0,5.0,3050.0,0.0,11.0,1.0,904.0,0.0,Bundesliga
Lukas Kübler,28,181.0,Germany,Defender - Right-Back,right,SC Freiburg,16.0,0.0,1186.0,0.0,7.0,1.0,390.0,0.0,5.0,0.0,149.0,0.0,Bundesliga
Nicolas Höfler,30,181.0,Germany,Midfielder - Defensive Midfield,right,SC Freiburg,21.0,0.0,1916.0,0.0,33.0,1.0,2905.0,0.0,11.0,0.0,929.0,0.0,Bundesliga
Amir Abrashi,30,172.0,Albania  Switzerland,Midfielder - Defensive Midfield,right,SC Freiburg,10.0,0.0,790.0,0.0,14.0,0.0,752.0,0.0,1.0,0.0,1.0,0.0,Bundesliga
Yannik Keitel,20,186.0,Germany,Midfielder - Defensive Midfield,both,SC Freiburg,16.0,1.0,930.0,0.0,20.0,2.0,1326.0,0.0,4.0,1.0,306.0,0.0,Bundesliga
Janik Haberer,26,186.0,Germany,Midfielder - Central Midfield,right,SC Freiburg,28.0,1.0,2428.0,0.0,28.0,2.0,1857.0,0.0,,,,,Bundesliga
Mike Frantz,34,182.0,Germany,Midfielder - Central Midfield,right,Hannover 96,34.0,3.0,2523.0,0.0,20.0,0.0,496.0,0.0,6.0,0.0,366.0,0.0,Bundesliga
Jérôme Gondorf,32,176.0,Germany,Midfielder - Central Midfield,right,Karlsruher SC,26.0,2.0,1413.0,0.0,19.0,2.0,1617.0,0.0,11.0,1.0,1013.0,0.0,Bundesliga
Lino Tempelmann,21,174.0,Germany,Midfielder - Central Midfield,right,SC Freiburg,8.0,0.0,541.0,0.0,7.0,0.0,569.0,0.0,6.0,0.0,434.0,0.0,Bundesliga
Vincenzo Grifo,27,180.0,Italy  Germany,Forward - Left Winger,right,SC Freiburg,26.0,7.0,1881.0,0.0,29.0,4.0,1769.0,0.0,11.0,4.0,804.0,0.0,Bundesliga
Florian Kath,26,186.0,Germany,Forward - Left Winger,left,1.FC Magdeburg,0.0,0.0,0.0,0.0,2.0,0.0,180.0,0.0,3.0,0.0,117.0,0.0,Bundesliga
Roland Sallai,23,182.0,Hungary,Forward - Right Winger,both,SC Freiburg,17.0,3.0,1072.0,0.0,23.0,2.0,1293.0,0.0,10.0,1.0,640.0,0.0,Bundesliga
"Chang-hoon Kwon,26,173.0,""Korea, South"",Forward - Right Winger,left,SC Freiburg,24.0,4.0,1167.0,0.0,23.0,2.0,665.0,0.0,8.0,1.0,169.0,0.0,Bundesliga"
"Woo-yeong Jeong,21,179.0,""Korea, South"",Forward - Right Winger,right,SC Freiburg,33.0,13.0,2529.0,0.0,22.0,3.0,1585.0,0.0,8.0,0.0,282.0,0.0,Bundesliga"
Brandon Borrello,25,178.0,Australia  Italy,Forward - Right Winger,right,Fortuna Düsseldorf,9.0,0.0,763.0,0.0,8.0,0.0,409.0,0.0,10.0,0.0,435.0,0.0,Bundesliga
Yoric Ravet,31,178.0,France,Forward - Right Winger,right,Grenoble Foot 38,21.0,3.0,1413.0,0.0,0.0,0.0,0.0,0.0,12.0,2.0,925.0,0.0,Bundesliga
Luca Waldschmidt,24,181.0,Germany,Forward - Second Striker,left,SL Benfica,32.0,9.0,1868.0,0.0,24.0,8.0,1386.0,0.0,14.0,6.0,840.0,0.0,Bundesliga
Nils Petersen,32,188.0,Germany,Forward - Centre-Forward,right,SC Freiburg,26.0,12.0,2138.0,0.0,36.0,11.0,2606.0,0.0,11.0,4.0,659.0,0.0,Bundesliga
Lucas Höler,26,184.0,Germany,Forward - Centre-Forward,right,SC Freiburg,28.0,4.0,1049.0,0.0,36.0,8.0,2582.0,0.0,11.0,1.0,863.0,0.0,Bundesliga
Tim Kleindienst,25,194.0,Germany,Forward - Centre-Forward,right,KAA Gent,8.0,1.0,389.0,0.0,30.0,16.0,2554.0,0.0,16.0,3.0,802.0,0.0,Bundesliga
Timo Horn,27,192.0,Germany,Goalkeeper,left,1. FC Köln,35.0,0.0,3180.0,0.0,36.0,0.0,3270.0,0.0,11.0,0.0,940.0,0.0,Bundesliga
Thomas Kessler,34,197.0,Germany,Goalkeeper,right,Retired,1.0,0.0,90.0,0.0,0.0,0.0,0.0,0.0,,,,,Bundesliga
Julian Krahl,20,194.0,Germany,Goalkeeper,right,1. FC Köln,23.0,0.0,2100.0,0.0,11.0,0.0,990.0,0.0,18.0,0.0,1620.0,0.0,Bundesliga
Brady Scott,21,187.0,United States,Goalkeeper,right,Nashville SC,13.0,0.0,1170.0,0.0,13.0,0.0,1170.0,0.0,,,,,Bundesliga
Sebastiaan Bornauw,21,191.0,Belgium,Defender - Centre-Back,right,1. FC Köln,28.0,1.0,2256.0,0.0,30.0,6.0,2659.0,0.0,10.0,0.0,829.0,0.0,Bundesliga
Jorge Meré,23,182.0,Spain,Defender - Centre-Back,right,1. FC Köln,28.0,0.0,2499.0,0.0,13.0,1.0,824.0,0.0,2.0,0.0,180.0,0.0,Bundesliga
Toni Leistner,30,190.0,Germany,Defender - Centre-Back,right,Hamburger SV,46.0,2.0,4008.0,0.0,38.0,0.0,3088.0,0.0,6.0,1.0,503.0,0.0,Bundesliga
Rafael Czichos,30,187.0,Germany,Defender - Centre-Back,left,1. FC Köln,34.0,2.0,3070.0,0.0,27.0,1.0,2330.0,0.0,10.0,1.0,812.0,0.0,Bundesliga
Lasse Sobiech,29,196.0,Germany,Defender - Centre-Back,right,FC Zürich,17.0,0.0,945.0,0.0,7.0,1.0,630.0,0.0,7.0,2.0,630.0,0.0,Bundesliga
Robert Voloder,19,185.0,Germany,Defender - Centre-Back,left,1. FC Köln,21.0,2.0,1841.0,0.0,20.0,5.0,1720.0,0.0,8.0,0.0,596.0,0.0,Bundesliga
Noah Katterbach,19,180.0,Germany,Defender - Left-Back,left,1. FC Köln,21.0,1.0,1834.0,0.0,24.0,0.0,1858.0,0.0,7.0,0.0,302.0,0.0,Bundesliga
Kingsley Ehizibue,25,189.0,Nigeria  Netherlands,Defender - Right-Back,right,1. FC Köln,35.0,1.0,3071.0,0.0,32.0,1.0,2448.0,0.0,8.0,0.0,324.0,0.0,Bundesliga
Benno Schmitz,26,182.0,Germany,Defender - Right-Back,right,1. FC Köln,16.0,0.0,1322.0,0.0,20.0,0.0,1348.0,0.0,3.0,0.0,39.0,0.0,Bundesliga
Matthias Bader,23,176.0,Germany,Defender - Right-Back,right,SV Darmstadt 98,4.0,0.0,347.0,0.0,19.0,1.0,1448.0,0.0,7.0,0.0,421.0,0.0,Bundesliga
Jonas Hector,30,185.0,Germany,Midfielder - Defensive Midfield,left,1. FC Köln,31.0,6.0,2801.0,0.0,31.0,5.0,2645.0,0.0,3.0,1.0,212.0,0.0,Bundesliga
Ellyes Skhiri,25,185.0,Tunisia  France,Midfielder - Defensive Midfield,right,1. FC Köln,38.0,3.0,3181.0,0.0,33.0,1.0,2764.0,0.0,10.0,3.0,861.0,0.0,Bundesliga
Birger Verstraete,26,175.0,Belgium,Midfielder - Defensive Midfield,right,Royal Antwerp FC,42.0,5.0,3162.0,0.0,11.0,0.0,829.0,0.0,10.0,0.0,452.0,0.0,Bundesliga
Marco Höger,31,182.0,Germany,Midfielder - Defensive Midfield,right,1. FC Köln,28.0,1.0,2155.0,0.0,16.0,0.0,727.0,0.0,3.0,0.0,109.0,0.0,Bundesliga
Elvis Rexhbecaj,23,182.0,Germany  Kosovo,Midfielder - Central Midfield,left,1. FC Köln,29.0,3.0,1564.0,0.0,18.0,1.0,1002.0,0.0,10.0,3.0,732.0,0.0,Bundesliga
Vincent Koziello,25,168.0,France  Poland,Midfielder - Central Midfield,right,CD Nacional,15.0,1.0,626.0,0.0,8.0,0.0,638.0,0.0,6.0,0.0,378.0,0.0,Bundesliga
Niklas Hauptmann,24,176.0,Germany,Midfielder - Central Midfield,left,Holstein Kiel,13.0,0.0,560.0,0.0,5.0,2.0,333.0,0.0,11.0,0.0,397.0,0.0,Bundesliga
Marcel Risse,30,183.0,Germany,Midfielder - Right Midfield,right,FC Viktoria Köln,23.0,2.0,1771.0,0.0,7.0,0.0,183.0,0.0,8.0,2.0,538.0,0.0,Bundesliga
Louis Schaub,25,177.0,Austria,Midfielder - Attacking Midfield,left,FC Luzern,29.0,4.0,1951.0,0.0,23.0,2.0,1368.0,0.0,10.0,2.0,783.0,0.0,Bundesliga
Dominick Drexler,30,183.0,Germany,Midfielder - Attacking Midfield,right,1. FC Köln,35.0,11.0,3117.0,0.0,29.0,3.0,1739.0,0.0,9.0,3.0,465.0,0.0,Bundesliga
Ismail Jakobs,21,183.0,Germany  Senegal,Forward - Left Winger,left,1. FC Köln,17.0,3.0,1326.0,0.0,23.0,2.0,1929.0,0.0,7.0,0.0,630.0,0.0,Bundesliga
Florian Kainz,28,176.0,Austria,Forward - Left Winger,right,1. FC Köln,24.0,2.0,1774.0,0.0,29.0,6.0,1680.0,0.0,,,,,Bundesliga
Darko Churlinov,20,180.0,North Macedonia,Forward - Left Winger,right,VfB Stuttgart,24.0,18.0,2021.0,0.0,17.0,7.0,984.0,0.0,4.0,0.0,53.0,0.0,Bundesliga
Jan Thielmann,18,178.0,Germany,Forward - Right Winger,right,1. FC Köln,27.0,17.0,2050.0,0.0,27.0,6.0,1878.0,0.0,10.0,1.0,562.0,0.0,Bundesliga
Kingsley Schindler,27,183.0,Germany  Ghana,Forward - Right Winger,right,Hannover 96,26.0,7.0,1910.0,0.0,15.0,0.0,986.0,0.0,10.0,0.0,578.0,0.0,Bundesliga
Christian Clemens,29,179.0,Germany,Forward - Right Winger,right,1. FC Köln,21.0,2.0,1461.0,0.0,1.0,0.0,15.0,0.0,6.0,0.0,472.0,0.0,Bundesliga
Tim Lemperle,18,187.0,Germany,Forward - Right Winger,right,1. FC Köln,28.0,12.0,1849.0,0.0,17.0,3.0,1226.0,0.0,14.0,3.0,954.0,0.0,Bundesliga
Mark Uth,29,185.0,Germany,Forward - Second Striker,left,FC Schalke 04,29.0,4.0,2113.0,0.0,25.0,5.0,1666.0,0.0,8.0,2.0,714.0,0.0,Bundesliga
Jhon Córdoba,27,188.0,Colombia,Forward - Centre-Forward,right,Hertha BSC,33.0,21.0,2012.0,0.0,31.0,14.0,2154.0,0.0,7.0,3.0,464.0,0.0,Bundesliga
Anthony Modeste,32,187.0,France  Martinique,Forward - Centre-Forward,right,1. FC Köln,10.0,6.0,367.0,0.0,29.0,4.0,1294.0,0.0,2.0,0.0,21.0,0.0,Bundesliga
Simon Terodde,32,192.0,Germany,Forward - Centre-Forward,right,Hamburger SV,35.0,33.0,2559.0,0.0,25.0,4.0,879.0,0.0,11.0,9.0,874.0,0.0,Bundesliga
Zack Steffen,25,191.0,United States,Goalkeeper,right,Manchester City,13.0,0.0,1170.0,0.0,18.0,0.0,1650.0,0.0,2.0,0.0,180.0,0.0,Bundesliga
Florian Kastenmeier,23,192.0,Germany,Goalkeeper,right,Fortuna Düsseldorf,31.0,0.0,2771.0,0.0,20.0,0.0,1860.0,0.0,11.0,0.0,990.0,0.0,Bundesliga
Raphael Wolf,32,190.0,Germany,Goalkeeper,right,Fortuna Düsseldorf,1.0,0.0,90.0,0.0,0.0,0.0,0.0,0.0,0.0,0.0,0.0,0.0,Bundesliga
Michael Rensing,36,190.0,Germany,Goalkeeper,right,Without Club,33.0,0.0,2970.0,0.0,0.0,0.0,0.0,0.0,,,,,Bundesliga
Maduka Okoye,21,198.0,Nigeria  Germany,Goalkeeper,right,Sparta Rotterdam,15.0,0.0,1350.0,0.0,14.0,0.0,1201.0,0.0,8.0,0.0,750.0,0.0,Bundesliga
Jannick Theißen,22,188.0,Germany,Goalkeeper,right,FC Schalke 04 II,15.0,0.0,1350.0,0.0,18.0,0.0,1620.0,0.0,10.0,0.0,900.0,0.0,Bundesliga
Tim Wiesner,24,192.0,Germany,Goalkeeper,both,Fortuna Düsseldorf II,,,,,,,,,3.0,0.0,270.0,0.0,Bundesliga
Kaan Ayhan,26,185.0,Turkey  Germany,Defender - Centre-Back,right,US Sassuolo,31.0,4.0,2721.0,0.0,34.0,2.0,3063.0,0.0,9.0,0.0,454.0,0.0,Bundesliga
Kasim Adams,25,190.0,Ghana,Defender - Centre-Back,right,TSG 1899 Hoffenheim,16.0,0.0,1136.0,0.0,15.0,2.0,1104.0,0.0,5.0,0.0,338.0,0.0,Bundesliga
Andre Hoffmann,27,188.0,Germany,Defender - Centre-Back,right,Fortuna Düsseldorf,15.0,0.0,1227.0,0.0,31.0,2.0,2670.0,0.0,7.0,0.0,478.0,0.0,Bundesliga
Zanka,30,189.0,Denmark  The Gambia,Defender - Centre-Back,right,FC Copenhagen,25.0,3.0,2238.0,0.0,30.0,4.0,2147.0,0.0,10.0,0.0,900.0,0.0,Bundesliga
Robin Bormuth,25,190.0,Germany,Defender - Centre-Back,right,Karlsruher SC,13.0,0.0,882.0,0.0,5.0,0.0,360.0,0.0,9.0,0.0,818.0,0.0,Bundesliga
Niko Gießelmann,29,182.0,Germany,Defender - Left-Back,left,1.FC Union Berlin,32.0,0.0,2774.0,0.0,28.0,1.0,2386.0,0.0,5.0,0.0,145.0,0.0,Bundesliga
Markus Suttner,33,179.0,Austria,Defender - Left-Back,left,Austria Vienna,9.0,1.0,761.0,0.0,22.0,0.0,1489.0,0.0,12.0,0.0,1048.0,0.0,Bundesliga
Diego Contento,30,177.0,Germany  Italy,Defender - Left-Back,left,SV Sandhausen,1.0,0.0,22.0,0.0,1.0,0.0,90.0,0.0,10.0,0.0,743.0,0.0,Bundesliga
Michel Stöcker,21,184.0,Germany,Defender - Left-Back,left,Fortuna Düsseldorf II,19.0,0.0,862.0,0.0,19.0,1.0,1709.0,0.0,7.0,0.0,488.0,0.0,Bundesliga
Matthias Zimmermann,28,177.0,Germany,Defender - Right-Back,right,Fortuna Düsseldorf,36.0,1.0,3230.0,0.0,38.0,2.0,3250.0,0.0,9.0,1.0,648.0,0.0,Bundesliga
Jean Zimmer,27,172.0,Germany,Defender - Right-Back,right,Fortuna Düsseldorf,20.0,1.0,1618.0,0.0,19.0,0.0,800.0,0.0,8.0,0.0,550.0,0.0,Bundesliga
Marcel Sobottka,26,185.0,Germany,Midfielder - Defensive Midfield,right,Fortuna Düsseldorf,15.0,0.0,1034.0,0.0,21.0,0.0,835.0,0.0,10.0,1.0,684.0,0.0,Bundesliga
Adam Bodzek,35,184.0,Germany  Poland,Midfielder - Defensive Midfield,right,Fortuna Düsseldorf,21.0,0.0,1602.0,0.0,30.0,0.0,2105.0,0.0,11.0,0.0,772.0,0.0,Bundesliga
Johannes Bühler,23,181.0,Germany,Midfielder - Defensive Midfield,right,Fortuna Düsseldorf II,9.0,0.0,585.0,0.0,13.0,0.0,992.0,0.0,,,,,Bundesliga
Valon Berisha,27,176.0,Kosovo  Norway,Midfielder - Central Midfield,right,Stade Reims,14.0,0.0,538.0,0.0,21.0,0.0,1227.0,0.0,13.0,1.0,934.0,0.0,Bundesliga
Lewis Baker,25,182.0,England  Jamaica,Midfielder - Central Midfield,both,Trabzonspor,33.0,1.0,1969.0,0.0,9.0,0.0,651.0,0.0,9.0,1.0,810.0,0.0,Bundesliga
Alfredo Morales,30,183.0,United States  Germany,Midfielder - Central Midfield,right,Fortuna Düsseldorf,26.0,1.0,1713.0,0.0,31.0,1.0,2146.0,0.0,4.0,0.0,200.0,0.0,Bundesliga
Oliver Fink,38,187.0,Germany,Midfielder - Central Midfield,right,Fortuna Düsseldorf II,19.0,3.0,1082.0,0.0,16.0,0.0,795.0,0.0,14.0,3.0,1168.0,0.0,Bundesliga
Erik Thommy,26,175.0,Germany,Midfielder - Left Midfield,right,VfB Stuttgart,21.0,1.0,939.0,0.0,37.0,6.0,2514.0,0.0,,,,,Bundesliga
Kevin Stöger,27,175.0,Austria,Midfielder - Attacking Midfield,left,1.FSV Mainz 05,28.0,2.0,2292.0,0.0,19.0,1.0,1433.0,0.0,3.0,1.0,43.0,0.0,Bundesliga
Aymen Barkok,22,188.0,Morocco  Germany,Midfielder - Attacking Midfield,right,Eintracht Frankfurt,16.0,1.0,841.0,0.0,11.0,4.0,736.0,0.0,10.0,1.0,323.0,0.0,Bundesliga
Thomas Pledl,26,174.0,Germany,Midfielder - Attacking Midfield,right,Fortuna Düsseldorf,29.0,3.0,1976.0,0.0,7.0,0.0,245.0,0.0,11.0,1.0,538.0,0.0,Bundesliga
Kelvin Ofori,19,172.0,Ghana,Midfielder - Attacking Midfield,left,Fortuna Düsseldorf,,,,,8.0,3.0,437.0,0.0,9.0,0.0,257.0,0.0,Bundesliga
Shinta Appelkamp,20,175.0,Japan  Germany,Midfielder - Attacking Midfield,right,Fortuna Düsseldorf,27.0,11.0,2048.0,0.0,19.0,8.0,1544.0,0.0,8.0,0.0,446.0,0.0,Bundesliga
Nana Ampomah,24,175.0,Ghana,Forward - Left Winger,right,Royal Antwerp FC,30.0,8.0,2227.0,0.0,16.0,2.0,709.0,0.0,11.0,0.0,287.0,0.0,Bundesliga
Steven Skrzybski,28,174.0,Germany,Forward - Right Winger,right,FC Schalke 04,16.0,3.0,756.0,0.0,17.0,4.0,936.0,0.0,7.0,0.0,418.0,0.0,Bundesliga
Bernard Tekpetey,23,172.0,Ghana,Forward - Right Winger,right,PFK Ludogorets Razgrad,36.0,11.0,2369.0,0.0,10.0,0.0,494.0,0.0,19.0,0.0,944.0,0.0,Bundesliga
Dawid Kownacki,23,186.0,Poland,Forward - Centre-Forward,right,Fortuna Düsseldorf,27.0,6.0,969.0,0.0,21.0,0.0,1179.0,0.0,6.0,2.0,149.0,0.0,Bundesliga
Kenan Karaman,26,189.0,Turkey  Germany,Forward - Centre-Forward,right,Fortuna Düsseldorf,22.0,3.0,947.0,0.0,21.0,6.0,1432.0,0.0,9.0,3.0,738.0,0.0,Bundesliga
Rouwen Hennings,33,180.0,Germany,Forward - Centre-Forward,left,Fortuna Düsseldorf,32.0,9.0,2069.0,0.0,36.0,19.0,2879.0,0.0,10.0,3.0,840.0,0.0,Bundesliga
Rafal Gikiewicz,33,190.0,Poland,Goalkeeper,right,FC Augsburg,38.0,1.0,3450.0,0.0,37.0,0.0,3330.0,0.0,11.0,0.0,990.0,0.0,Bundesliga
Jakob Busk,27,189.0,Denmark,Goalkeeper,right,1.FC Union Berlin,0.0,0.0,0.0,0.0,0.0,0.0,0.0,0.0,,,,,Bundesliga
Moritz Nicolas,23,193.0,Germany,Goalkeeper,right,VfL Osnabrück,27.0,0.0,2430.0,0.0,1.0,0.0,90.0,0.0,0.0,0.0,0.0,0.0,Bundesliga
Leo Oppermann,19,191.0,Germany,Goalkeeper,,Hamburger SV II,20.0,0.0,1800.0,0.0,17.0,0.0,1485.0,0.0,10.0,0.0,900.0,0.0,Bundesliga
Marvin Friedrich,24,192.0,Germany,Defender - Centre-Back,right,1.FC Union Berlin,38.0,1.0,3448.0,0.0,34.0,2.0,3060.0,0.0,11.0,2.0,1020.0,0.0,Bundesliga
Keven Schlotterbeck,23,189.0,Germany,Defender - Centre-Back,left,SC Freiburg,20.0,0.0,1762.0,0.0,27.0,1.0,2303.0,0.0,5.0,0.0,394.0,0.0,Bundesliga
Neven Subotic,31,193.0,Germany  Serbia,Defender - Centre-Back,right,Denizlispor,28.0,1.0,2362.0,0.0,23.0,1.0,1971.0,0.0,5.0,1.0,404.0,0.0,Bundesliga
Florian Hübner,29,193.0,Germany,Defender - Centre-Back,right,1.FC Union Berlin,31.0,2.0,2714.0,0.0,11.0,0.0,849.0,0.0,1.0,0.0,90.0,0.0,Bundesliga
Nicolai Rapp,23,186.0,Germany,Defender - Centre-Back,right,SV Darmstadt 98,19.0,0.0,1394.0,0.0,14.0,0.0,1044.0,0.0,9.0,1.0,790.0,0.0,Bundesliga
Lars Dietz,23,190.0,Germany,Defender - Centre-Back,right,Würzburger Kickers,16.0,0.0,1322.0,0.0,22.0,0.0,1788.0,0.0,6.0,1.0,506.0,0.0,Bundesliga
Michael Parensen,34,180.0,Germany,Defender - Centre-Back,left,Retired,12.0,0.0,661.0,0.0,13.0,1.0,909.0,0.0,,,,,Bundesliga
Christopher Lenz,26,180.0,Germany,Defender - Left-Back,left,1.FC Union Berlin,13.0,0.0,880.0,0.0,30.0,1.0,2610.0,0.0,10.0,0.0,883.0,0.0,Bundesliga
Ken Reichel,33,185.0,Germany,Defender - Left-Back,left,VfL Osnabrück,30.0,0.0,2561.0,0.0,7.0,0.0,534.0,0.0,9.0,0.0,658.0,0.0,Bundesliga
Christopher Trimmel,33,189.0,Austria,Defender - Right-Back,right,1.FC Union Berlin,35.0,0.0,3163.0,0.0,35.0,0.0,3060.0,0.0,10.0,0.0,870.0,0.0,Bundesliga
Julian Ryerson,23,183.0,Norway  United States,Defender - Right-Back,right,1.FC Union Berlin,9.0,0.0,401.0,0.0,17.0,0.0,536.0,0.0,7.0,0.0,223.0,0.0,Bundesliga
Manuel Schmiedebach,32,171.0,Germany,Midfielder - Defensive Midfield,right,Without Club,36.0,0.0,3032.0,0.0,6.0,0.0,255.0,0.0,,,,,Bundesliga
Maurice Opfermann Arcones,20,172.0,Germany  Spain,Midfielder - Defensive Midfield,,Without Club,15.0,0.0,1088.0,0.0,,,,,,,,,Bundesliga
Robert Andrich,26,187.0,Germany,Midfielder - Central Midfield,right,1.FC Union Berlin,27.0,4.0,1894.0,0.0,34.0,4.0,2873.0,0.0,11.0,3.0,848.0,0.0,Bundesliga
Grischa Prömel,25,184.0,Germany,Midfielder - Central Midfield,both,1.FC Union Berlin,33.0,7.0,2981.0,0.0,19.0,0.0,1108.0,0.0,8.0,0.0,667.0,0.0,Bundesliga
Christian Gentner,35,189.0,Germany,Midfielder - Central Midfield,right,1.FC Union Berlin,32.0,1.0,2231.0,0.0,34.0,4.0,2628.0,0.0,6.0,0.0,354.0,0.0,Bundesliga
Felix Kroos,29,184.0,Germany,Midfielder - Central Midfield,right,Eintracht Braunschweig,27.0,3.0,1465.0,0.0,16.0,0.0,378.0,0.0,9.0,0.0,685.0,0.0,Bundesliga
Yunus Malli,28,179.0,Turkey  Germany,Midfielder - Attacking Midfield,right,VfL Wolfsburg,23.0,1.0,773.0,0.0,15.0,0.0,726.0,0.0,1.0,0.0,58.0,0.0,Bundesliga
Julius Kade,21,182.0,Germany,Midfielder - Attacking Midfield,left,SG Dynamo Dresden,9.0,4.0,794.0,0.0,0.0,0.0,0.0,0.0,9.0,1.0,295.0,0.0,Bundesliga
Laurenz Dehl,18,181.0,Germany,Midfielder - Attacking Midfield,,Hallescher FC,16.0,5.0,1347.0,0.0,8.0,5.0,639.0,0.0,9.0,2.0,346.0,0.0,Bundesliga
Marius Bülter,27,188.0,Germany,Forward - Left Winger,right,1.FC Union Berlin,33.0,4.0,2342.0,0.0,36.0,7.0,2529.0,0.0,9.0,1.0,421.0,0.0,Bundesliga
Joshua Mees,24,180.0,Germany,Forward - Left Winger,both,Holstein Kiel,23.0,6.0,1143.0,0.0,17.0,2.0,430.0,0.0,9.0,1.0,192.0,0.0,Bundesliga
Marcus Ingvartsen,24,187.0,Denmark,Forward - Right Winger,left,1.FC Union Berlin,11.0,1.0,174.0,0.0,32.0,6.0,2063.0,0.0,9.0,1.0,640.0,0.0,Bundesliga
Akaki Gogia,28,178.0,Germany  Georgia,Forward - Right Winger,both,1.FC Union Berlin,31.0,6.0,1505.0,0.0,3.0,0.0,120.0,0.0,3.0,0.0,104.0,0.0,Bundesliga
Sheraldo Becker,25,180.0,Suriname  Netherlands,Forward - Right Winger,right,1.FC Union Berlin,35.0,8.0,3081.0,0.0,14.0,0.0,595.0,0.0,10.0,1.0,649.0,0.0,Bundesliga
Florian Flecker,25,177.0,Austria,Forward - Right Winger,right,Würzburger Kickers,35.0,7.0,2880.0,0.0,2.0,0.0,104.0,0.0,8.0,0.0,551.0,0.0,Bundesliga
Sebastian Andersson,29,190.0,Sweden,Forward - Centre-Forward,right,1. FC Köln,38.0,13.0,2947.0,0.0,36.0,13.0,2873.0,0.0,9.0,2.0,676.0,0.0,Bundesliga
Sebastian Polter,29,192.0,Germany,Forward - Centre-Forward,right,Fortuna Sittard,21.0,11.0,943.0,0.0,13.0,2.0,326.0,0.0,12.0,4.0,991.0,0.0,Bundesliga
Suleiman Abdullahi,23,185.0,Nigeria,Forward - Centre-Forward,right,Eintracht Braunschweig,22.0,3.0,1294.0,0.0,6.0,1.0,153.0,0.0,4.0,1.0,296.0,0.0,Bundesliga
Anthony Ujah,30,180.0,Nigeria,Forward - Centre-Forward,right,1.FC Union Berlin,23.0,4.0,843.0,0.0,28.0,4.0,1181.0,0.0,,,,,Bundesliga
Leopold Zingerle,26,185.0,Germany,Goalkeeper,right,SC Paderborn 07,35.0,0.0,3086.0,0.0,29.0,0.0,2610.0,0.0,11.0,0.0,990.0,0.0,Bundesliga
Jannik Huth,26,183.0,Germany,Goalkeeper,right,SC Paderborn 07,0.0,0.0,0.0,0.0,8.0,0.0,750.0,0.0,,,,,Bundesliga
Michael Ratajczak,38,188.0,Germany,Goalkeeper,right,Hannover 96,5.0,0.0,333.0,0.0,1.0,0.0,90.0,0.0,0.0,0.0,0.0,0.0,Bundesliga
Leon Brüggemeier,23,193.0,Germany,Goalkeeper,both,Without Club,9.0,0.0,734.0,0.0,10.0,0.0,900.0,0.0,,,,,Bundesliga
Sebastian Schonlau,26,185.0,Germany,Defender - Centre-Back,right,SC Paderborn 07,32.0,1.0,2875.0,0.0,25.0,3.0,2250.0,0.0,11.0,0.0,968.0,0.0,Bundesliga
Luca Kilian,21,192.0,Germany,Defender - Centre-Back,right,1.FSV Mainz 05,28.0,4.0,2193.0,0.0,16.0,0.0,1381.0,0.0,6.0,0.0,379.0,0.0,Bundesliga
Christian Strohdiek,32,192.0,Germany,Defender - Centre-Back,right,SC Paderborn 07,24.0,0.0,2114.0,0.0,17.0,1.0,1484.0,0.0,0.0,0.0,0.0,0.0,Bundesliga
Uwe Hünemeier,34,189.0,Germany,Defender - Centre-Back,right,SC Paderborn 07,26.0,4.0,1871.0,0.0,17.0,2.0,1328.0,0.0,10.0,2.0,723.0,0.0,Bundesliga
Jan-Luca Rumpf,21,190.0,Germany,Defender - Centre-Back,right,SC Fortuna Köln,16.0,1.0,1440.0,0.0,20.0,2.0,1800.0,0.0,13.0,0.0,527.0,0.0,Bundesliga
Jamilu Collins,26,183.0,Nigeria,Defender - Left-Back,left,SC Paderborn 07,38.0,0.0,3310.0,0.0,32.0,1.0,2767.0,0.0,7.0,0.0,597.0,0.0,Bundesliga
Mohamed Dräger,24,178.0,Tunisia  Germany,Defender - Right-Back,right,Olympiacos Piraeus,36.0,0.0,3147.0,0.0,18.0,1.0,1457.0,0.0,4.0,0.0,243.0,0.0,Bundesliga
Laurent Jans,28,175.0,Luxembourg,Defender - Right-Back,right,Standard Liège,15.0,0.0,1191.0,0.0,24.0,0.0,1781.0,0.0,8.0,0.0,313.0,0.0,Bundesliga
Klaus Gjasula,30,190.0,Albania  Germany,Midfielder - Defensive Midfield,both,Hamburger SV,27.0,1.0,1477.0,0.0,31.0,2.0,2490.0,0.0,9.0,0.0,382.0,0.0,Bundesliga
Samúel Fridjónsson,24,186.0,Iceland,Midfielder - Defensive Midfield,right,Viking Stavanger,33.0,5.0,2565.0,0.0,11.0,1.0,484.0,0.0,,,,,Bundesliga
Adrian Oeynhausen,18,178.0,Germany,Midfielder - Defensive Midfield,right,SC Paderborn 07,25.0,1.0,1891.0,0.0,2.0,0.0,119.0,0.0,4.0,0.0,274.0,0.0,Bundesliga
Dominik Bilogrevic,21,190.0,Croatia  Germany,Midfielder - Defensive Midfield,,Bonner SC,30.0,1.0,2391.0,0.0,17.0,6.0,1475.0,0.0,17.0,0.0,1460.0,0.0,Bundesliga
Sebastian Vasiliadis,23,177.0,Greece  Germany,Midfielder - Central Midfield,right,SC Paderborn 07,31.0,6.0,2342.0,0.0,33.0,1.0,2932.0,0.0,7.0,0.0,399.0,0.0,Bundesliga
Rifet Kapic,25,179.0,Bosnia-Herzegovina,Midfielder - Central Midfield,left,Sheriff Tiraspol,26.0,3.0,1491.0,0.0,6.0,2.0,525.0,0.0,9.0,0.0,334.0,0.0,Bundesliga
Abdelhamid Sabiri,24,186.0,Germany  Morocco,Midfielder - Attacking Midfield,right,Ascoli Calcio,3.0,0.0,93.0,0.0,25.0,4.0,1124.0,0.0,8.0,2.0,533.0,0.0,Bundesliga
Marlon Ritter,26,173.0,Germany,Midfielder - Attacking Midfield,both,1.FC Kaiserslautern,23.0,2.0,821.0,0.0,12.0,1.0,519.0,0.0,16.0,2.0,1084.0,0.0,Bundesliga
Antony Evans,22,186.0,England,Midfielder - Attacking Midfield,right,SC Paderborn 07,25.0,3.0,1632.0,0.0,22.0,6.0,1580.0,0.0,2.0,0.0,13.0,0.0,Bundesliga
Christopher Antwi-Adjei,26,173.0,Germany  Ghana,Forward - Left Winger,right,SC Paderborn 07,35.0,11.0,2372.0,0.0,36.0,2.0,2682.0,0.0,9.0,0.0,684.0,0.0,Bundesliga
Gerrit Holtmann,25,185.0,Germany,Forward - Left Winger,left,VfL Bochum,7.0,0.0,371.0,0.0,26.0,1.0,1199.0,0.0,7.0,0.0,438.0,0.0,Bundesliga
Dennis Jastrzembski,20,177.0,Poland  Germany,Forward - Left Winger,left,SC Paderborn 07,30.0,6.0,2035.0,0.0,17.0,1.0,500.0,0.0,3.0,0.0,23.0,0.0,Bundesliga
Cauly,25,175.0,Brazil  Germany,Forward - Right Winger,both,PFK Ludogorets Razgrad,31.0,6.0,2190.0,0.0,23.0,4.0,1485.0,0.0,21.0,3.0,1680.0,0.0,Bundesliga
Kai Pröger,28,177.0,Germany,Forward - Right Winger,right,SC Paderborn 07,38.0,9.0,2859.0,0.0,33.0,2.0,2222.0,0.0,11.0,0.0,493.0,0.0,Bundesliga
Ben Zolinski,28,181.0,Germany,Forward - Second Striker,right,FC Erzgebirge Aue,36.0,5.0,1854.0,0.0,30.0,3.0,1288.0,0.0,9.0,2.0,616.0,0.0,Bundesliga
Streli Mamba,26,174.0,Germany  DR Congo,Forward - Centre-Forward,right,SC Paderborn 07,41.0,12.0,3251.0,0.0,26.0,6.0,1699.0,0.0,0.0,0.0,0.0,0.0,Bundesliga
Sven Michel,30,179.0,Germany,Forward - Centre-Forward,left,SC Paderborn 07,29.0,10.0,2438.0,0.0,30.0,5.0,1420.0,0.0,3.0,1.0,157.0,0.0,Bundesliga
Dennis Srbeny,26,190.0,Germany,Forward - Centre-Forward,right,SC Paderborn 07,20.0,3.0,577.0,0.0,26.0,6.0,1255.0,0.0,11.0,8.0,901.0,0.0,Bundesliga
Babacar Gueye,25,190.0,Senegal,Forward - Centre-Forward,right,Karlsruher SC,31.0,10.0,1899.0,0.0,14.0,1.0,464.0,0.0,7.0,0.0,242.0,0.0,Bundesliga
Khiry Shelton,27,191.0,United States,Forward - Centre-Forward,,Sporting Kansas City,7.0,2.0,471.0,0.0,34.0,10.0,2393.0,0.0,,,,,Bundesliga
