,,,,,,,,,Goals,Goals,Goals,Goals,Goals,Expected,Expected,Expected,Expected,Launched,Launched,Launched,Passes,Passes,Passes,Passes,Goal Kicks,Goal Kicks,Goal Kicks,Crosses,Crosses,Crosses,Sweeper,Sweeper,Sweeper,
Rk,Player,Nation,Pos,Squad,Comp,Age,Born,90s,GA,PKA,FK,CK,OG,PSxG,PSxG/SoT,PSxG+/-,/90,Cmp,Att,Cmp%,Att,Thr,Launch%,AvgLen,Att,Launch%,AvgLen,Opp,Stp,Stp%,#OPA,#OPA/90,AvgDist,Matches
1,Adrián\Adrian,es ESP,GK,Liverpool,eng Premier League,34-007,1987,2.0,9,0,0,2,0,7.1,0.45,-1.9,-0.93,9,25,36.0,48,14,37.5,36.0,14,50.0,38.7,18,2,11.1,0,0.00,12.3,Matches
2,Alisson\Alisson,br BRA,GK,Liverpool,eng Premier League,28-100,1992,14.0,12,2,0,2,0,14.0,0.32,+2.0,+0.14,55,121,45.5,363,64,26.2,31.5,74,35.1,35.8,84,6,7.1,16,1.14,17.6,Matches
3,Saturnin Allagbé\Saturnin-Allagbe,bj BEN,GK,Dijon,fr Ligue 1,27-049,1993,4.0,8,0,1,0,0,6.1,0.30,-1.9,-0.48,20,53,37.7,103,20,40.8,35.1,27,40.7,34.9,35,0,0.0,5,1.25,16.4,Matches
4,Nícolas Andrade\Nicolas-Andrade,br BRA,GK,Udinese,it Serie A,32-273,1988,2.0,5,0,0,0,0,4.0,0.58,-1.0,-0.48,6,13,46.2,31,5,25.8,32.1,9,55.6,47.4,16,0,0.0,0,0.00,15.2,Matches
5,Alphonse Areola\Alphonse-Areola,fr FRA,GK,Fulham,eng Premier League,27-318,1993,14.0,21,5,0,1,0,23.8,0.29,+3.8,+0.27,73,178,41.0,264,65,43.6,36.7,95,66.3,47.9,130,19,14.6,8,0.57,13.2,Matches
6,Kepa Arrizabalaga\Kepa-Arrizabalaga,es ESP,GK,Chelsea,eng Premier League,26-099,1994,3.0,6,0,0,0,0,4.8,0.34,-1.2,-0.42,21,40,52.5,79,17,34.2,32.2,27,48.1,40.0,27,4,14.8,0,0.00,14.0,Matches
7,Sergio Asenjo\Sergio-Asenjo,es ESP,GK,Villarreal,es La Liga,31-196,1989,18.0,18,4,0,1,1,14.3,0.23,-1.7,-0.09,109,231,47.2,507,106,33.1,34.9,127,49.6,42.9,208,22,10.6,8,0.44,12.8,Matches
8,Emil Audero\Emil-Audero,it ITA,GK,Sampdoria,it Serie A,23-358,1997,16.0,26,5,0,5,1,24.0,0.27,-1.0,-0.06,116,281,41.3,406,74,49.8,39.7,128,61.7,45.1,171,12,7.0,5,0.31,11.9,Matches
9,Édgar Badía\Edgar-Badia,es ESP,GK,Elche,es La Liga,28-333,1992,15.0,18,2,0,2,0,19.7,0.25,+1.7,+0.11,110,233,47.2,478,80,32.4,33.0,138,56.5,38.0,173,12,6.9,11,0.73,13.3,Matches
10,Oliver Baumann\Oliver-Baumann,de GER,GK,Hoffenheim,de Bundesliga,30-222,1990,14.0,29,4,0,1,1,24.6,0.33,+0.6,+0.04,78,195,40.0,468,72,34.4,33.2,104,32.7,33.4,109,2,1.8,21,1.62,16.9,Matches
11,Walter Benítez\Walter-Benitez,ar ARG,GK,Nice,fr Ligue 1,27-297,1993,18.0,25,5,0,3,0,24.3,0.26,+0.3,+0.02,53,154,34.4,457,76,26.3,29.4,150,22.7,28.2,147,12,8.2,6,0.35,11.6,Matches
12,Paul Bernardoni\Paul-Bernardoni,fr FRA,GK,Angers,fr Ligue 1,23-267,1997,19.0,30,2,0,3,0,27.0,0.32,-3.0,-0.16,82,253,32.4,342,98,47.1,40.1,128,71.9,52.9,183,14,7.7,4,0.21,12.4,Matches
13,Dimitry Bertaud\Dimitry-Bertaud,fr FRA,GK,Montpellier,fr Ligue 1,22-218,1998,2.5,1,1,0,0,0,2.0,0.22,+1.0,+0.39,36,61,59.0,70,13,62.9,44.5,20,85.0,60.6,19,2,10.5,0,0.00,11.9,Matches
14,Rubén Blanco\Ruben-Blanco,es ESP,GK,Celta Vigo,es La Liga,25-169,1995,11.0,18,1,1,1,0,15.2,0.37,-2.8,-0.25,51,171,29.8,312,50,38.1,35.4,81,64.2,45.3,97,6,6.2,7,0.64,15.4,Matches
15,Yassine Bounou\Yassine-Bounou,ma MAR,GK,Sevilla,es La Liga,29-280,1991,13.0,10,1,0,2,1,9.7,0.24,+2.7,+0.22,64,137,46.7,286,45,33.6,34.9,77,53.2,42.0,99,5,5.1,9,0.75,15.9,Matches
16,Claudio Bravo\Claudio-Bravo,cl CHI,GK,Betis,es La Liga,37-272,1983,8.0,16,2,0,2,1,15.8,0.42,+0.8,+0.10,57,136,41.9,232,35,48.7,40.2,40,57.5,46.4,52,3,5.8,3,0.38,12.6,Matches
17,Gianluigi Buffon\Gianluigi-Buffon,it ITA,GK,Juventus,it Serie A,42-348,1978,4.0,2,1,0,0,0,2.4,0.18,+0.4,+0.11,10,23,43.5,103,19,19.4,27.2,33,9.1,18.4,33,0,0.0,5,1.25,14.6,Matches
18,Roman Bürki\Roman-Burki,ch SUI,GK,Dortmund,de Bundesliga,30-057,1990,13.0,19,2,0,4,0,15.7,0.31,-3.3,-0.25,58,133,43.6,334,64,31.4,32.3,75,37.3,35.0,83,4,4.8,4,0.31,14.3,Matches
19,Marcin Bułka\Marcin-Bulka,pl POL,GK,Paris S-G,fr Ligue 1,21-098,1999,1.0,1,0,0,0,0,1.3,0.45,+0.3,+0.32,2,5,40.0,28,9,17.9,25.5,2,0.0,21.5,7,0,0.0,2,2.00,13.1,Matches
20,Willy Caballero\Willy-Caballero,ar ARG,GK,Chelsea,eng Premier League,39-104,1981,1.0,3,0,0,1,0,1.5,0.49,-1.5,-1.54,1,3,33.3,20,2,15.0,24.6,6,0.0,19.7,8,0,0.0,2,2.00,22.0,Matches
21,Marc-Aurèle Caillard\Marc-Aurele-Caillard,fr FRA,GK,Metz,fr Ligue 1,26-243,1994,1.0,1,0,0,0,0,1.8,0.29,+0.8,+0.75,7,15,46.7,23,9,47.8,39.2,6,66.7,55.0,9,0,0.0,0,0.00,12.7,Matches
22,Dani Cárdenas\Dani-Cardenas,es ESP,GK,Levante,es La Liga,23-288,1997,1.0,1,0,0,0,0,1.0,0.26,0.0,+0.03,3,7,42.9,22,4,27.3,30.5,7,14.3,18.4,16,2,12.5,1,1.00,15.3,Matches
23,Koen Casteels\Koen-Casteels,be BEL,GK,Wolfsburg,de Bundesliga,28-199,1992,14.0,16,2,1,3,1,15.5,0.28,+0.5,+0.04,107,243,44.0,434,76,41.5,37.4,88,71.6,54.6,127,15,11.8,12,0.86,15.1,Matches
24,Alberto Cifuentes\Alberto-Cifuentes,es ESP,GK,Cádiz,es La Liga,41-226,1979,2.0,3,0,0,0,0,1.8,0.29,-1.2,-0.62,25,63,39.7,53,3,92.5,59.7,16,87.5,61.1,17,1,5.9,2,1.00,14.3,Matches
25,Andrea Consigli\Andrea-Consigli,it ITA,GK,Sassuolo,it Serie A,33-349,1987,15.0,23,2,0,1,1,22.2,0.29,+0.2,+0.02,86,182,47.3,428,65,34.1,31.7,117,30.8,28.2,143,11,7.7,10,0.67,15.2,Matches
26,Alex Cordaz\Alex-Cordaz,it ITA,GK,Crotone,it Serie A,38-009,1983,16.0,38,3,1,3,1,31.2,0.34,-5.8,-0.36,79,197,40.1,530,77,32.6,30.9,117,20.5,24.8,110,5,4.5,15,0.94,16.1,Matches
27,Angelo da Costa Júnior\Angelo-da-Costa-Junior,br BRA,GK,Bologna,it Serie A,37-059,1983,6.0,9,1,1,0,0,9.4,0.36,+0.4,+0.07,35,70,50.0,245,23,24.5,30.3,42,23.8,24.4,48,0,0.0,7,1.17,16.0,Matches
28,Benoît Costil\Benoit-Costil,fr FRA,GK,Bordeaux,fr Ligue 1,33-191,1987,19.0,22,3,0,2,1,19.6,0.25,+0.6,+0.03,151,326,46.3,472,71,50.0,40.3,129,69.8,50.4,146,6,4.1,11,0.61,14.8,Matches
29,Thibaut Courtois\Thibaut-Courtois,be BEL,GK,Real Madrid,es La Liga,28-244,1992,18.0,15,6,0,1,1,14.5,0.22,+0.5,+0.03,56,163,34.4,480,102,24.6,32.2,110,40.9,39.6,134,14,10.4,10,0.59,15.0,Matches
30,Alessio Cragno\Alessio-Cragno,it ITA,GK,Cagliari,it Serie A,26-196,1994,16.0,33,3,1,5,0,33.0,0.31,0.0,0.00,87,176,49.4,323,70,37.2,32.9,138,40.6,33.2,148,12,8.1,7,0.44,12.8,Matches
31,Finn Dahmen\Finn-Dahmen,de GER,GK,Mainz 05,de Bundesliga,22-289,1998,1.0,5,1,0,1,0,5.5,0.43,+0.5,+0.50,0,5,0.0,18,8,27.8,32.3,5,0.0,16.0,17,1,5.9,0,0.00,8.4,Matches
32,Karl Darlow\Karl-Darlow,eng ENG,GK,Newcastle Utd,eng Premier League,30-094,1990,16.0,26,1,0,2,2,26.1,0.30,+2.1,+0.13,118,347,34.0,329,57,70.5,51.0,133,86.5,60.8,162,15,9.3,2,0.13,11.7,Matches
33,Yehvann Diouf\Yehvann-Diouf,fr FRA,GK,Reims,fr Ligue 1,21-055,1999,1.5,1,1,0,0,0,1.0,0.03,0.0,+0.01,5,16,31.3,40,13,27.5,32.2,12,41.7,39.0,11,0,0.0,1,0.67,15.3,Matches
34,Marko Dmitrović\Marko-Dmitrovic,rs SRB,GK,Eibar,es La Liga,28-352,1992,17.0,16,0,0,1,0,18.0,0.28,+2.0,+0.12,156,421,37.1,429,45,72.5,56.8,117,94.0,74.8,147,9,6.1,15,0.88,15.4,Matches
35,Jaume Doménech\Jaume-Domenech,es ESP,GK,Valencia,es La Liga,30-066,1990,17.0,25,3,2,3,1,25.5,0.28,+1.5,+0.09,172,334,51.5,371,61,55.0,41.6,166,78.3,56.0,218,13,6.0,9,0.53,13.5,Matches
36,Gianluigi Donnarumma\Gianluigi-Donnarumma,it ITA,GK,Milan,it Serie A,21-320,1999,16.0,16,1,1,3,1,18.4,0.30,+3.4,+0.21,63,198,31.8,421,59,37.3,34.2,78,52.6,39.2,147,14,9.5,7,0.44,13.7,Matches
37,Bartłomiej Drągowski\Bartlomiej-Dragowski,pl POL,GK,Fiorentina,it Serie A,23-144,1997,16.0,23,3,1,5,1,22.9,0.31,+0.9,+0.05,91,218,41.7,395,87,46.1,39.2,106,34.0,33.2,138,7,5.1,8,0.50,14.0,Matches
38,Matthieu Dreyer\Matthieu-Dreyer,fr FRA,GK,Lorient,fr Ligue 1,31-296,1989,1.0,2,0,,,,,,,,,,,,,,,,,,,,,,,,Matches
39,Ederson\Ederson,br BRA,GK,Manchester City,eng Premier League,27-146,1993,14.0,12,4,0,2,1,10.8,0.23,-0.2,-0.01,59,124,47.6,345,53,24.3,31.6,75,53.3,47.0,78,5,6.4,13,0.93,16.4,Matches
40,Łukasz Fabiański\Lukasz-Fabianski,pl POL,GK,West Ham,eng Premier League,35-267,1985,16.0,21,2,0,2,0,23.9,0.34,+2.9,+0.18,138,294,46.9,345,69,61.4,46.1,108,75.9,53.8,166,9,5.4,5,0.31,12.9,Matches
41,Ralf Fährmann\Ralf-Fahrmann,de GER,GK,Schalke 04,de Bundesliga,32-105,1988,7.5,22,2,0,2,2,13.9,0.32,-6.1,-0.94,35,108,32.4,185,38,41.6,36.4,52,59.6,45.1,58,2,3.4,7,1.08,15.4,Matches
42,Wuilker Faríñez\Wuilker-Farinez,ve VEN,GK,Lens,fr Ligue 1,22-330,1998,0.1,1,1,0,0,0,1.0,,0.0,-0.17,1,2,50.0,1,0,100.0,103.0,1,100.0,63.0,2,0,0.0,0,0.00,8.0,Matches
43,Aitor Fernández\Aitor-Fernandez,es ESP,GK,Levante,es La Liga,29-252,1991,14.0,20,2,1,3,0,20.4,0.31,+0.4,+0.03,65,184,35.3,352,75,43.8,38.5,104,28.8,30.2,132,9,6.8,14,1.00,15.8,Matches
44,Álvaro Fernández\Alvaro-Fernandez,es ESP,GK,Huesca,es La Liga,22-272,1998,6.0,9,1,0,2,0,9.1,0.37,+0.1,+0.02,28,87,32.2,177,25,38.4,36.0,53,35.8,39.7,48,5,10.4,3,0.50,16.2,Matches
45,Andrés Fernández\Andres-Fernandez,es ESP,GK,Huesca,es La Liga,34-024,1986,11.0,17,3,1,3,0,13.3,0.29,-3.7,-0.33,56,176,31.8,313,48,42.2,37.0,82,53.7,43.8,109,9,8.3,3,0.27,11.9,Matches
46,Fraser Forster\Fraser-Forster,eng ENG,GK,Southampton,eng Premier League,32-299,1988,1.0,0,0,0,0,0,0.0,0.02,0.0,+0.02,5,35,14.3,29,1,72.4,51.4,14,100.0,65.2,19,2,10.5,0,0.00,8.5,Matches
47,David de Gea\David-de-Gea,es ESP,GK,Manchester Utd,eng Premier League,30-064,1990,13.5,21,4,1,2,2,18.1,0.33,-0.9,-0.07,43,108,39.8,199,34,34.2,32.6,93,43.0,34.9,111,4,3.6,4,0.30,13.9,Matches
48,Rafał Gikiewicz\Rafal-Gikiewicz,pl POL,GK,Augsburg,de Bundesliga,33-076,1987,14.0,20,2,0,0,1,18.2,0.25,+0.2,+0.01,96,244,39.3,471,91,38.6,35.1,118,52.5,44.6,152,10,6.6,10,0.71,15.0,Matches
49,David Gil\David-Gil,es ESP,GK,Cádiz,es La Liga,26-365,1994,1.0,2,0,0,0,0,1.2,0.40,-0.8,-0.80,5,29,17.2,28,3,75.0,51.4,9,88.9,64.3,5,0,0.0,0,0.00,9.0,Matches
50,Pierluigi Gollini\Pierluigi-Gollini,it ITA,GK,Atalanta,it Serie A,25-298,1995,8.7,7,1,0,2,0,7.7,0.27,+0.7,+0.09,50,117,42.7,203,23,43.3,37.4,42,69.0,50.5,55,3,5.5,7,0.80,15.1,Matches
51,Alfred Gomis\Alfred-Gomis,sn SEN,GK,Dijon,fr Ligue 1,27-127,1993,5.0,10,3,0,2,1,9.9,0.30,+0.9,+0.17,28,94,29.8,121,28,43.0,39.4,67,62.7,49.6,78,8,10.3,3,0.60,12.8,Matches
52,Alfred Gomis\Alfred-Gomis,sn SEN,GK,Rennes,fr Ligue 1,27-127,1993,5.0,8,0,0,0,0,6.7,0.36,-1.3,-0.26,17,35,48.6,115,30,26.1,30.0,16,31.3,33.8,23,1,4.3,4,0.80,15.8,Matches
53,Vicente Guaita\Vicente-Guaita,es ESP,GK,Crystal Palace,eng Premier League,34-000,1987,17.0,29,3,0,2,0,27.5,0.32,-1.5,-0.09,106,319,33.2,329,62,60.5,45.0,140,85.7,60.6,165,9,5.5,10,0.59,14.5,Matches
54,Péter Gulácsi\Peter-Gulacsi,hu HUN,GK,RB Leipzig,de Bundesliga,30-249,1990,15.0,12,0,0,1,0,9.4,0.24,-2.6,-0.17,72,145,49.7,456,76,27.0,31.3,84,26.2,30.9,95,6,6.3,22,1.47,17.9,Matches
55,Samir Handanović\Samir-Handanovic,si SVN,GK,Inter,it Serie A,36-180,1984,16.0,21,3,0,1,0,18.3,0.31,-2.7,-0.17,52,111,46.8,396,65,23.2,28.9,67,28.4,31.3,101,4,4.0,9,0.56,12.4,Matches
56,Dean Henderson\Dean-Henderson,eng ENG,GK,Manchester Utd,eng Premier League,23-304,1997,2.5,3,0,0,2,0,3.4,0.24,+0.4,+0.17,9,22,40.9,45,16,40.0,34.3,18,22.2,29.7,26,0,0.0,1,0.40,13.7,Matches
57,Sergio Herrera\Sergio-Herrera,es ESP,GK,Osasuna,es La Liga,27-219,1993,14.9,20,4,0,1,0,22.4,0.33,+2.4,+0.17,197,405,48.6,394,32,77.2,53.8,104,97.1,64.5,153,15,9.8,25,1.80,16.8,Matches
58,Marwin Hitz\Marwin-Hitz,ch SUI,GK,Dortmund,de Bundesliga,33-114,1987,2.0,0,0,0,0,0,0.7,0.13,+0.7,+0.33,14,25,56.0,61,11,31.1,31.5,10,60.0,49.4,9,3,33.3,1,0.50,16.0,Matches
59,Timo Horn\Timo-Horn,de GER,GK,Köln,de Bundesliga,27-243,1993,14.4,26,4,1,3,0,23.8,0.28,-2.2,-0.15,150,312,48.1,493,47,51.9,41.1,96,58.3,47.1,118,4,3.4,12,0.83,14.2,Matches
60,Lukáš Hrádecký\Lukas-Hradecky,fi FIN,GK,Leverkusen,de Bundesliga,31-047,1989,15.0,15,1,0,0,2,13.3,0.32,+1.3,+0.09,100,262,38.2,633,72,36.3,34.9,78,41.0,34.8,97,7,7.2,18,1.29,17.8,Matches
61,Ángel Jiménez\Angel-Jimenez,es ESP,GK,Granada,es La Liga,18-202,2002,1.0,2,1,0,1,0,2.7,0.22,+0.7,+0.69,10,24,41.7,13,0,76.9,50.1,17,82.4,55.0,10,0,0.0,1,1.00,14.3,Matches
62,Sam Johnstone\Sam-Johnstone,eng ENG,GK,West Brom,eng Premier League,27-291,1993,17.0,39,4,0,5,3,38.8,0.34,+2.8,+0.17,157,396,39.6,420,77,65.5,48.9,142,85.2,58.6,170,13,7.6,11,0.65,14.4,Matches
63,Bingourou Kamara\Bingourou-Kamara,sn SEN,GK,Strasbourg,fr Ligue 1,24-081,1996,8.0,14,1,0,1,1,9.7,0.28,-3.3,-0.41,63,142,44.4,191,43,48.7,39.3,56,87.5,60.0,58,3,5.2,1,0.13,12.9,Matches
64,Eiji Kawashima\Eiji-Kawashima,jp JPN,GK,Strasbourg,fr Ligue 1,37-296,1983,11.0,18,3,0,1,0,17.3,0.34,-0.7,-0.07,84,154,54.5,222,36,48.6,40.2,70,65.7,51.9,84,5,6.0,3,0.30,12.3,Matches
65,Caoimhin Kelleher\Caoimhin-Kelleher,ie IRL,GK,Liverpool,eng Premier League,22-048,1998,1.0,0,0,0,0,0,0.9,0.30,+0.9,+0.91,4,10,40.0,23,3,34.8,34.2,5,40.0,35.0,13,2,15.4,0,0.00,17.0,Matches
66,Gregor Kobel\Gregor-Kobel,ch SUI,GK,Stuttgart,de Bundesliga,23-035,1997,14.0,21,2,1,2,0,19.2,0.25,-1.8,-0.13,62,146,42.5,401,88,30.9,31.1,119,18.5,22.1,139,4,2.9,10,0.71,14.2,Matches
67,Alban Lafont\Alban-Lafont,fr FRA,GK,Nantes,fr Ligue 1,21-353,1999,19.0,31,7,1,3,1,32.1,0.31,+2.1,+0.11,106,300,35.3,428,78,47.4,40.9,138,70.3,51.7,165,12,7.3,12,0.63,14.6,Matches
68,Michael Langer\Michael-Langer,at AUT,GK,Schalke 04,de Bundesliga,36-004,1985,1.0,3,0,0,1,1,3.1,0.35,+1.1,+1.13,8,14,57.1,13,1,53.8,40.8,15,46.7,36.6,9,0,0.0,0,0.00,6.0,Matches
69,Gautier Larsonneur\Gautier-Larsonneur,fr FRA,GK,Brest,fr Ligue 1,23-322,1997,19.0,34,4,0,5,1,30.6,0.28,-2.4,-0.13,130,268,48.5,568,97,37.5,37.0,151,36.4,35.7,193,18,9.3,6,0.32,12.4,Matches
70,Jean-Louis Leca\Jean-Louis-Leca,fr FRA,GK,Lens,fr Ligue 1,35-111,1985,17.9,27,3,0,2,2,19.5,0.28,-4.5,-0.27,124,294,42.2,398,60,60.8,45.0,97,53.6,43.9,109,9,8.3,7,0.41,13.9,Matches
71,Benjamin Lecomte\Benjamin-Lecomte,fr FRA,GK,Monaco,fr Ligue 1,29-259,1991,9.0,12,2,0,0,0,9.3,0.28,-2.7,-0.30,51,118,43.2,275,43,34.9,33.8,51,43.1,42.1,65,2,3.1,17,1.89,17.4,Matches
72,Jeremías Ledesma\Jeremias-Ledesma,ar ARG,GK,Cádiz,es La Liga,27-332,1993,14.0,16,1,0,2,1,13.7,0.25,-1.3,-0.09,141,370,38.1,319,28,83.1,57.7,112,93.8,68.2,145,20,13.8,7,0.50,14.1,Matches
73,Bernd Leno\Bernd-Leno,de GER,GK,Arsenal,eng Premier League,28-312,1992,17.0,19,0,0,3,3,17.7,0.30,+1.7,+0.10,54,162,33.3,489,68,19.8,27.9,108,60.2,46.5,158,8,5.1,12,0.71,14.8,Matches
74,Hugo Lloris\Hugo-Lloris,fr FRA,GK,Tottenham,eng Premier League,34-015,1986,16.0,15,4,0,2,2,16.8,0.22,+3.8,+0.24,83,211,39.3,309,60,50.8,39.2,124,43.5,36.3,175,6,3.4,7,0.44,13.0,Matches
75,Anthony Lopes\Anthony-Lopes,pt POR,GK,Lyon,fr Ligue 1,30-101,1990,19.0,18,3,0,0,2,18.8,0.26,+2.8,+0.15,116,205,56.6,440,84,34.1,33.3,125,44.0,37.5,160,10,6.3,20,1.05,17.9,Matches
76,Pau López\Pau-Lopez,es ESP,GK,Roma,it Serie A,26-028,1994,5.2,5,1,0,1,1,4.8,0.23,+0.8,+0.15,28,71,39.4,144,28,37.5,34.1,27,63.0,46.0,34,3,8.8,1,0.19,14.5,Matches
77,Andreas Luthe\Andreas-Luthe,de GER,GK,Union Berlin,de Bundesliga,33-306,1987,15.0,20,1,0,7,0,19.5,0.33,-0.5,-0.03,89,261,34.1,420,52,45.7,39.0,102,67.6,47.6,118,7,5.9,3,0.20,12.5,Matches
78,Mike Maignan\Mike-Maignan,fr FRA,GK,Lille,fr Ligue 1,25-043,1995,19.0,14,1,0,6,1,14.8,0.26,+1.8,+0.10,95,260,36.5,432,94,41.7,38.9,122,65.6,55.2,151,12,7.9,15,0.79,16.8,Matches
79,Radosław Majecki\Radoslaw-Majecki,pl POL,GK,Monaco,fr Ligue 1,21-055,1999,1.0,1,0,0,0,0,0.3,0.16,-0.7,-0.68,4,15,26.7,25,2,36.0,32.5,12,50.0,39.9,7,0,0.0,1,1.00,16.0,Matches
80,Steve Mandanda\Steve-Mandanda,fr FRA,GK,Marseille,fr Ligue 1,35-288,1985,17.0,16,2,0,1,1,16.9,0.29,+1.9,+0.11,91,283,32.2,469,92,40.9,37.1,132,68.9,50.0,197,18,9.1,10,0.59,13.6,Matches
81,Vito Mannone\Vito-Mannone,it ITA,GK,Monaco,fr Ligue 1,32-314,1988,9.0,14,2,0,1,0,11.7,0.33,-2.3,-0.25,55,138,39.9,226,26,41.2,36.4,61,73.8,54.0,63,3,4.8,6,0.67,18.8,Matches
82,Federico Marchetti\Federico-Marchetti,it ITA,GK,Genoa,it Serie A,37-338,1983,1.7,6,0,0,0,0,3.7,0.34,-2.3,-1.34,12,23,52.2,37,7,35.1,35.6,15,66.7,44.1,19,0,0.0,1,0.58,17.3,Matches
83,Emiliano Martínez\Emiliano-Martinez,ar ARG,GK,Aston Villa,eng Premier League,28-130,1992,15.0,16,1,2,1,0,20.4,0.29,+4.4,+0.29,109,291,37.5,387,60,55.6,44.7,97,78.4,58.5,150,10,6.7,5,0.33,12.7,Matches
84,Jordi Masip\Jordi-Masip,es ESP,GK,Valladolid,es La Liga,32-007,1989,11.0,14,3,1,3,0,16.9,0.31,+2.9,+0.26,82,252,32.5,234,32,69.7,50.8,101,88.1,63.4,140,8,5.7,7,0.64,12.9,Matches
85,Alex McCarthy\Alex-McCarthy,eng ENG,GK,Southampton,eng Premier League,31-038,1989,16.0,19,2,0,2,0,20.6,0.30,+1.6,+0.10,78,274,28.5,500,61,44.6,36.6,75,68.0,49.6,134,11,8.2,10,0.63,15.5,Matches
86,Edouard Mendy\Edouard-Mendy,sn SEN,GK,Rennes,fr Ligue 1,28-315,1992,1.0,1,0,0,0,0,0.6,0.56,-0.4,-0.44,7,12,58.3,23,2,43.5,37.9,6,33.3,35.2,6,1,16.7,0,0.00,10.0,Matches
87,Edouard Mendy\Edouard-Mendy,sn SEN,GK,Chelsea,eng Premier League,28-315,1992,13.0,12,2,1,2,0,11.0,0.28,-1.0,-0.08,79,151,52.3,359,40,32.0,31.1,79,45.6,36.5,103,6,5.8,10,0.77,16.3,Matches
88,Alex Meret\Alex-Meret,it ITA,GK,Napoli,it Serie A,23-294,1997,6.0,6,0,0,1,0,5.7,0.33,-0.3,-0.06,6,13,46.2,155,31,7.7,22.9,25,4.0,17.8,34,5,14.7,1,0.17,10.9,Matches
89,Illan Meslier\Illan-Meslier,fr FRA,GK,Leeds United,eng Premier League,20-314,2000,17.0,33,6,1,7,1,33.4,0.31,+1.4,+0.08,85,160,53.1,498,126,24.1,28.4,124,32.3,30.6,93,5,5.4,10,0.59,13.8,Matches
90,Vanja Milinković-Savić\Vanja-Milinkovic-Savic,rs SRB,GK,Torino,it Serie A,23-325,1997,2.0,4,1,0,0,0,3.0,0.21,-1.0,-0.51,5,18,27.8,57,9,22.8,31.0,7,71.4,54.0,15,0,0.0,1,0.50,12.3,Matches
91,Antonio Mirante\Antonio-Mirante,it ITA,GK,Roma,it Serie A,37-186,1983,10.8,17,2,1,0,0,12.7,0.26,-3.3,-0.31,61,115,53.0,284,61,33.8,33.0,65,29.2,30.1,84,2,2.4,12,1.11,15.9,Matches
92,Lorenzo Montipò\Lorenzo-Montipo,it ITA,GK,Benevento,it Serie A,24-325,1996,17.0,30,3,0,4,0,29.6,0.36,-0.4,-0.03,145,318,45.6,476,82,50.0,39.3,133,60.2,43.4,145,5,3.4,5,0.29,13.7,Matches
93,Jessy Moulin\Jessy-Moulin,fr FRA,GK,Saint-Étienne,fr Ligue 1,34-363,1986,19.0,29,3,1,4,1,21.5,0.31,-3.5,-0.19,96,228,42.1,450,94,34.2,35.6,118,62.7,48.1,141,8,5.7,5,0.28,13.8,Matches
94,Florian Müller\Florian-Muller,de GER,GK,Freiburg,de Bundesliga,23-058,1997,15.0,24,2,2,2,0,21.7,0.30,-2.3,-0.15,98,289,33.9,457,56,42.5,40.0,122,77.9,59.4,114,6,5.3,6,0.40,13.5,Matches
95,Juan Musso\Juan-Musso,ar ARG,GK,Udinese,it Serie A,26-249,1994,13.0,19,1,1,0,0,16.8,0.35,-1.2,-0.09,60,147,40.8,300,58,40.0,35.4,73,37.0,33.2,77,6,7.8,10,0.77,14.0,Matches
96,Paul Nardi\Paul-Nardi,fr FRA,GK,Lorient,fr Ligue 1,26-237,1994,18.0,37,3,0,3,0,26.1,0.27,-9.9,-0.55,103,285,36.1,362,93,48.3,39.8,146,75.3,56.9,149,6,4.0,13,0.72,15.0,Matches
97,Keylor Navas\Keylor-Navas,cr CRC,GK,Paris S-G,fr Ligue 1,34-026,1986,14.0,7,1,0,2,0,11.3,0.25,+4.3,+0.31,53,93,57.0,273,55,26.4,30.5,91,23.1,28.4,115,4,3.5,4,0.29,11.8,Matches
98,Neto\Neto,br BRA,GK,Barcelona,es La Liga,31-175,1989,6.0,6,2,0,1,0,6.6,0.26,+0.6,+0.10,17,35,48.6,150,30,18.7,27.3,41,17.1,24.4,52,2,3.8,4,0.67,15.7,Matches
99,Manuel Neuer\Manuel-Neuer,de GER,GK,Bayern Munich,de Bundesliga,34-289,1986,15.0,24,1,0,3,0,25.3,0.39,+1.3,+0.09,124,195,63.6,569,92,30.1,31.7,82,29.3,32.3,104,2,1.9,22,1.47,16.7,Matches
100,Jan Oblak\Jan-Oblak,si SVN,GK,Atlético Madrid,es La Liga,28-003,1993,15.0,6,0,0,2,2,9.6,0.22,+5.6,+0.37,105,248,42.3,285,41,57.9,43.9,126,65.9,49.0,134,9,6.7,5,0.33,13.8,Matches
101,Robin Olsen\Robin-Olsen,se SWE,GK,Everton,eng Premier League,31-002,1990,2.0,2,1,0,0,0,2.9,0.42,+0.9,+0.47,15,30,50.0,43,5,58.1,45.6,9,55.6,47.0,10,0,0.0,0,0.00,12.0,Matches
102,Jonas Omlin\Jonas-Omlin,ch SUI,GK,Montpellier,fr Ligue 1,27-000,1994,16.5,31,8,0,2,2,31.5,0.32,+2.5,+0.15,113,266,42.5,401,90,45.4,39.0,127,66.1,51.3,149,13,8.7,6,0.36,12.3,Matches
103,Stefan Ortega\Stefan-Ortega,de GER,GK,Arminia,de Bundesliga,28-065,1992,14.0,24,2,0,4,0,24.3,0.30,+0.3,+0.02,187,418,44.7,712,52,50.4,42.3,97,60.8,48.3,140,6,4.3,12,0.86,14.5,Matches
104,David Ospina\David-Ospina,co COL,GK,Napoli,it Serie A,32-132,1988,9.0,9,3,0,0,0,7.8,0.27,-1.2,-0.13,41,76,53.9,261,24,27.2,30.8,32,15.6,25.0,45,7,15.6,9,1.00,17.7,Matches
105,Alexandre Oukidja\Alexandre-Oukidja,dz ALG,GK,Metz,fr Ligue 1,32-175,1988,18.0,17,3,0,3,0,17.8,0.26,+1.8,+0.11,137,346,39.6,405,102,54.8,44.1,159,78.0,57.2,175,29,16.6,19,1.12,15.9,Matches
106,Fernando Pacheco\Fernando-Pacheco,es ESP,GK,Alavés,es La Liga,28-237,1992,17.0,20,1,0,3,0,20.5,0.31,+0.5,+0.03,177,337,52.5,364,43,65.1,46.8,155,64.5,47.9,156,15,9.6,12,0.71,15.0,Matches
107,Alberto Paleari\Alberto-Paleari,it ITA,GK,Genoa,it Serie A,28-134,1992,1.3,3,0,0,0,0,2.6,0.36,-0.4,-0.30,7,25,28.0,34,5,64.7,45.3,10,30.0,30.6,8,0,0.0,0,0.00,11.7,Matches
108,Rui Patrício\Rui-Patricio,pt POR,GK,Wolves,eng Premier League,32-330,1988,17.0,24,4,1,4,2,18.8,0.29,-3.2,-0.19,114,233,48.9,240,58,57.1,41.9,127,75.6,50.3,192,17,8.9,1,0.06,11.2,Matches
109,Jiří Pavlenka\Jiri-Pavlenka,cz CZE,GK,Werder Bremen,de Bundesliga,28-271,1992,15.0,24,2,0,1,1,18.5,0.27,-3.5,-0.25,98,211,46.4,362,74,41.7,37.1,107,56.1,44.4,138,10,7.2,7,0.50,12.9,Matches
110,Bailey Peacock-Farrell\Bailey-Peacock-Farrell,nir NIR,GK,Burnley,eng Premier League,24-073,1996,1.0,5,0,0,0,0,4.4,0.62,-0.6,-0.65,11,28,39.3,23,1,87.0,55.5,9,88.9,64.9,9,0,0.0,0,0.00,8.5,Matches
111,Gianluca Pegolo\Gianluca-Pegolo,it ITA,GK,Sassuolo,it Serie A,39-291,1981,1.0,1,0,0,0,0,0.0,0.04,0.0,+0.04,0,1,0.0,13,2,7.7,18.5,8,0.0,13.6,4,0,0.0,0,0.00,14.5,Matches
112,Philipp Pentke\Philipp-Pentke,de GER,GK,Hoffenheim,de Bundesliga,35-254,1985,1.0,1,0,0,0,0,0.4,0.21,-0.6,-0.57,2,6,33.3,25,5,20.0,29.8,4,25.0,31.5,2,0,0.0,1,1.00,20.3,Matches
113,Mattia Perin\Mattia-Perin,it ITA,GK,Genoa,it Serie A,28-061,1992,14.0,21,4,0,4,1,18.6,0.27,-1.4,-0.10,113,280,40.4,385,52,59.2,42.1,115,45.2,37.0,144,5,3.5,3,0.21,12.6,Matches
114,Pavao Pervan\Pavao-Pervan,at AUT,GK,Wolfsburg,de Bundesliga,33-058,1987,1.0,1,0,0,1,0,2.7,0.39,+1.7,+1.72,8,19,42.1,23,1,56.5,43.2,9,66.7,53.4,13,1,7.7,0,0.00,11.3,Matches
115,Jordan Pickford\Jordan-Pickford,eng ENG,GK,Everton,eng Premier League,26-309,1994,14.0,18,1,1,1,0,15.9,0.26,-2.1,-0.15,109,287,38.0,418,61,52.9,43.7,93,71.0,56.6,122,10,8.2,9,0.64,14.4,Matches
116,Nick Pope\Nick-Pope,eng ENG,GK,Burnley,eng Premier League,28-266,1992,14.0,15,3,0,4,1,18.7,0.26,+4.7,+0.34,132,343,38.5,343,61,73.5,52.1,103,88.3,61.6,146,20,13.7,16,1.14,16.6,Matches
117,Ivan Provedel\Ivan-Provedel,it ITA,GK,Spezia,it Serie A,26-299,1994,13.0,24,4,1,2,0,21.6,0.32,-2.4,-0.19,152,313,48.6,605,61,45.6,39.0,77,48.1,44.1,92,7,7.6,15,1.15,16.6,Matches
118,Anthony Racioppi\Anthony-Racioppi,ch SUI,GK,Dijon,fr Ligue 1,22-010,1998,10.0,8,2,0,0,0,12.1,0.27,+4.1,+0.41,47,151,31.1,231,37,39.0,35.7,81,75.3,52.6,99,8,8.1,4,0.40,15.1,Matches
119,Rafael\Rafael,br BRA,GK,Spezia,it Serie A,38-313,1982,1.3,3,0,0,0,0,1.6,0.18,-1.4,-1.04,11,25,44.0,46,7,50.0,37.8,11,18.2,26.5,23,1,4.3,0,0.00,8.3,Matches
120,Predrag Rajković\Predrag-Rajkovic,rs SRB,GK,Reims,fr Ligue 1,25-071,1995,17.5,28,2,0,5,1,21.0,0.28,-5.0,-0.31,104,310,33.5,426,61,49.1,42.1,160,63.1,49.7,172,10,5.8,9,0.55,13.9,Matches
121,Aaron Ramsdale\Aaron-Ramsdale,eng ENG,GK,Sheffield Utd,eng Premier League,22-241,1998,17.0,29,0,0,5,0,26.7,0.30,-2.3,-0.14,140,414,33.8,385,51,76.1,55.0,127,95.3,71.9,163,14,8.6,9,0.53,14.8,Matches
122,Darren Randolph\Darren-Randolph,ie IRL,GK,West Ham,eng Premier League,33-243,1987,1.0,0,0,0,0,0,0.4,0.22,+0.4,+0.44,5,14,35.7,17,2,58.8,45.2,5,80.0,52.0,9,0,0.0,0,0.00,12.0,Matches
123,Federico Ravaglia\Federico-Ravaglia,it ITA,GK,Bologna,it Serie A,21-060,1999,1.0,5,0,0,0,1,3.3,0.48,-0.7,-0.66,1,2,50.0,25,1,4.0,19.0,6,16.7,18.7,6,0,0.0,2,2.00,23.5,Matches
124,Pepe Reina\Pepe-Reina,es ESP,GK,Lazio,it Serie A,38-132,1982,10.0,13,2,0,5,1,14.1,0.28,+2.1,+0.21,71,145,49.0,341,37,37.5,34.6,54,31.5,28.3,71,5,7.0,5,0.50,15.5,Matches
125,Álex Remiro\Alex-Remiro,es ESP,GK,Real Sociedad,es La Liga,25-292,1995,19.0,16,2,0,1,0,12.3,0.25,-0.7,-0.04,125,270,46.3,473,59,44.0,38.3,99,62.6,50.6,132,9,6.8,11,0.61,15.1,Matches
126,Baptiste Reynet\Baptiste-Reynet,fr FRA,GK,Nîmes,fr Ligue 1,30-074,1990,19.0,40,6,0,2,0,35.2,0.29,-4.8,-0.25,151,400,37.8,604,68,48.2,41.5,150,72.7,52.8,183,10,5.5,17,0.89,15.6,Matches
127,Sergio Rico\Sergio-Rico,es ESP,GK,Paris S-G,fr Ligue 1,27-131,1993,4.0,3,0,0,0,1,3.6,0.31,+1.6,+0.40,3,8,37.5,59,16,10.2,22.9,24,8.3,24.5,23,0,0.0,4,1.00,15.8,Matches
128,Roberto\Roberto,es ESP,GK,Valladolid,es La Liga,34-335,1986,6.0,10,2,0,0,0,10.1,0.33,+0.1,+0.01,39,130,30.0,136,24,62.5,51.1,52,86.5,68.8,58,5,8.6,5,0.83,14.8,Matches
129,Joel Robles\Joel-Robles,es ESP,GK,Betis,es La Liga,30-207,1990,9.0,15,3,0,3,1,13.0,0.40,-1.0,-0.11,55,149,36.9,219,33,53.0,43.4,63,52.4,43.9,74,5,6.8,7,0.78,19.2,Matches
130,Marek Rodák\Marek-Rodak,sk SVK,GK,Fulham,eng Premier League,24-028,1996,1.0,3,0,0,1,0,2.5,0.61,-0.5,-0.55,6,12,50.0,22,3,40.9,35.8,4,75.0,56.0,9,0,0.0,1,1.00,11.8,Matches
131,Rubén\Ruben,es ESP,GKMF,Osasuna,es La Liga,36-202,1984,2.1,5,0,0,0,0,4.9,0.55,-0.1,-0.04,33,54,61.1,46,2,84.8,55.7,15,100.0,65.7,19,1,5.3,3,1.44,14.6,Matches
132,Mathew Ryan\Mathew-Ryan,au AUS,GK,Brighton,eng Premier League,28-277,1992,11.0,19,4,0,3,1,14.8,0.37,-3.2,-0.29,57,141,40.4,341,56,33.4,32.5,58,46.6,40.2,103,7,6.8,6,0.55,14.4,Matches
133,Frederik Rønnow\Frederik-Ronnow,dk DEN,GK,Schalke 04,de Bundesliga,28-159,1992,6.5,14,4,0,4,0,16.3,0.30,+2.3,+0.36,31,76,40.8,179,41,30.7,32.1,52,40.4,36.8,36,1,2.8,2,0.31,13.5,Matches
134,Romain Salin\Romain-Salin,fr FRA,GK,Rennes,fr Ligue 1,36-165,1984,13.0,12,0,0,3,0,13.2,0.29,+1.2,+0.09,92,201,45.8,354,66,39.3,35.1,106,58.5,45.7,99,8,8.1,21,1.62,16.7,Matches
135,Robert Sánchez\Robert-Sanchez,es ESP,GK,Brighton,eng Premier League,23-053,1997,6.0,9,2,0,2,1,9.2,0.39,+1.2,+0.21,40,100,40.0,197,30,41.1,38.5,36,52.8,44.6,38,2,5.3,2,0.33,14.1,Matches
136,Kasper Schmeichel\Kasper-Schmeichel,dk DEN,GK,Leicester City,eng Premier League,34-066,1986,17.0,21,1,0,6,1,21.6,0.31,+1.6,+0.09,108,259,41.7,456,75,44.7,39.8,98,56.1,46.1,131,10,7.6,6,0.35,12.6,Matches
137,Alexander Schwolow\Alexander-Schwolow,de GER,GK,Hertha BSC,de Bundesliga,28-222,1992,14.0,24,4,0,2,0,23.7,0.37,-0.3,-0.02,101,205,49.3,402,61,35.3,34.7,115,54.8,45.6,119,8,6.7,8,0.57,13.7,Matches
138,Luigi Sepe\Luigi-Sepe,it ITA,GK,Parma,it Serie A,29-247,1991,16.0,31,0,0,5,1,25.6,0.30,-4.4,-0.27,135,246,54.9,462,83,41.8,37.1,132,40.2,36.2,181,9,5.0,6,0.38,13.1,Matches
139,Rui Silva\Rui-Silva,pt POR,GK,Granada,es La Liga,26-338,1994,16.0,27,0,1,1,0,22.9,0.35,-0.1,0.00,133,354,37.6,394,32,65.0,48.7,128,76.6,55.3,159,6,3.8,6,0.40,13.7,Matches
140,Marco Silvestri\Marco-Silvestri,it ITA,GK,Hellas Verona,it Serie A,29-314,1991,16.0,15,1,0,3,1,14.0,0.22,0.0,0.00,105,358,29.3,348,33,68.1,47.0,134,90.3,58.6,162,5,3.1,8,0.50,13.1,Matches
141,Unai Simón\Unai-Simon,es ESP,GK,Athletic Club,es La Liga,23-213,1997,18.0,22,3,0,4,1,17.7,0.31,-3.3,-0.18,147,339,43.4,457,85,50.5,42.7,124,87.1,64.6,169,11,6.5,12,0.67,14.0,Matches
142,Tobias Sippel\Tobias-Sippel,de GER,GK,M'Gladbach,de Bundesliga,32-294,1988,1.0,1,0,0,0,0,1.2,0.59,+0.2,+0.18,5,9,55.6,20,2,40.0,35.5,5,20.0,20.2,6,1,16.7,2,2.00,24.0,Matches
143,Salvatore Sirigu\Salvatore-Sirigu,it ITA,GK,Torino,it Serie A,33-364,1987,15.0,31,3,1,3,0,22.5,0.34,-8.5,-0.57,92,206,44.7,410,58,38.0,33.8,121,41.3,32.8,154,7,4.5,3,0.20,12.5,Matches
144,Łukasz Skorupski\Lukasz-Skorupski,pl POL,GK,Bologna,it Serie A,29-250,1991,10.0,17,1,0,3,1,13.1,0.27,-2.9,-0.29,46,117,39.3,276,48,34.1,33.3,71,32.4,28.3,78,13,16.7,5,0.50,14.3,Matches
145,Yann Sommer\Yann-Sommer,ch SUI,GK,M'Gladbach,de Bundesliga,32-024,1988,14.0,23,4,0,3,0,18.2,0.31,-4.8,-0.34,89,192,46.4,497,53,33.0,32.5,109,25.7,28.3,106,8,7.5,3,0.21,12.4,Matches
146,David Soria\David-Soria,es ESP,GK,Getafe,es La Liga,27-281,1993,12.0,14,3,0,2,1,11.7,0.26,-1.3,-0.11,121,336,36.0,312,4,86.5,58.7,87,75.9,53.1,76,9,11.8,15,1.25,15.7,Matches
147,Marco Sportiello\Marco-Sportiello,it ITA,GK,Atalanta,it Serie A,28-245,1992,7.3,15,0,0,1,0,10.7,0.30,-4.3,-0.59,26,61,42.6,164,41,23.8,30.7,37,59.5,47.5,49,4,8.2,6,0.82,16.1,Matches
148,Zack Steffen\Zack-Steffen,us USA,GK,Manchester City,eng Premier League,25-283,1995,1.0,1,0,0,0,0,0.6,0.29,-0.4,-0.43,2,6,33.3,20,4,25.0,31.1,8,12.5,20.5,10,0,0.0,0,0.00,7.0,Matches
149,Thomas Strakosha\Thomas-Strakosha,al ALB,GK,Lazio,it Serie A,25-297,1995,6.0,12,1,0,1,0,10.7,0.36,-1.3,-0.22,41,86,47.7,220,35,36.8,32.3,32,15.6,26.0,60,4,6.7,1,0.17,11.7,Matches
150,Wojciech Szczęsny\Wojciech-Szczesny,pl POL,GK,Juventus,it Serie A,30-267,1990,11.0,13,1,0,2,1,12.2,0.29,+0.2,+0.02,35,59,59.3,295,49,16.9,28.1,71,12.7,22.2,82,3,3.7,10,0.91,15.3,Matches
151,Ciprian Tătărușanu\Ciprian-Tatarusanu,ro ROU,GK,Milan,it Serie A,34-336,1986,1.0,3,1,0,2,0,2.9,0.35,-0.1,-0.05,2,5,40.0,23,7,13.0,21.8,4,50.0,30.8,3,1,33.3,0,0.00,8.1,Matches
152,Marc-André ter Stegen\Marc-Andre-ter-Stegen,de GER,GK,Barcelona,es La Liga,28-255,1992,12.0,11,0,0,3,0,13.0,0.30,+2.0,+0.18,67,104,64.4,299,62,26.1,30.4,59,44.1,38.6,64,7,10.9,8,0.73,16.8,Matches
153,Kevin Trapp\Kevin-Trapp,de GER,GK,Eint Frankfurt,de Bundesliga,30-186,1990,15.0,23,4,1,2,1,21.3,0.28,-0.7,-0.05,126,298,42.3,469,70,50.5,39.5,106,57.5,46.0,129,12,9.3,10,0.71,14.6,Matches
154,Tomáš Vaclík\Tomas-Vaclik,cz CZE,GK,Sevilla,es La Liga,31-287,1989,3.0,3,0,0,0,0,2.4,0.27,-0.6,-0.21,14,32,43.8,86,15,32.6,31.7,8,50.0,38.3,19,1,5.3,2,0.67,14.9,Matches
155,Koke Vegas\Koke-Vegas,es ESP,GK,Levante,es La Liga,25-105,1995,1.0,2,0,0,0,0,2.6,0.64,+0.6,+0.56,2,11,18.2,18,4,44.4,37.7,11,27.3,30.5,7,0,0.0,1,1.00,18.8,Matches
156,Iván Villar\Ivan-Villar,es ESP,GK,Celta Vigo,es La Liga,23-185,1997,7.0,10,2,0,0,1,8.6,0.32,-0.4,-0.05,30,96,31.3,150,28,46.7,39.2,56,46.4,40.8,67,5,7.5,8,1.14,17.2,Matches
157,Rubén Yáñez\Ruben-Yanez,es ESP,GK,Getafe,es La Liga,27-090,1993,4.0,3,1,0,0,0,3.1,0.30,+0.1,+0.01,44,93,47.3,93,10,81.7,53.2,20,85.0,61.3,34,5,14.7,4,1.00,16.4,Matches
158,Robin Zentner\Robin-Zentner,de GER,GK,Mainz 05,de Bundesliga,26-074,1994,14.0,28,4,1,3,1,20.5,0.27,-4.5,-0.34,61,189,32.3,370,95,35.1,34.9,106,55.7,47.3,130,10,7.7,12,0.92,14.0,Matches
159,Ron-Robert Zieler\Ron-Robert-Zieler,de GER,GK,Köln,de Bundesliga,31-333,1989,0.6,1,1,0,0,0,0.7,0.01,-0.3,-0.46,6,11,54.5,17,4,35.3,35.0,6,83.3,49.7,10,0,0.0,0,0.00,11.8,Matches
160,Jeroen Zoet\Jeroen-Zoet,nl NED,GK,Spezia,it Serie A,30-004,1991,1.7,4,1,0,1,0,3.0,0.40,-1.0,-0.60,9,20,45.0,52,11,34.6,33.0,8,25.0,30.8,16,0,0.0,0,0.00,8.1,Matches
